stroke_no,direction,time_ms,position_mm,raw_value
1,UP,-2.8,1.5125,10362
1,UP,1.38,2.2635,10245
1,UP,6.32,3.2361,10102
1,UP,11.3,3.7708,10025
1,UP,16.35,4.2108,9957
1,UP,21.22,4.2771,9946
1,UP,26.12,4.0422,9985
1,UP,31.04,3.7014,10035
1,UP,34.94,3.2153,10105
1,UP,39.24,2.3649,10230
1,UP,44.09,2.0,10284
1,UP,48.98,1.9312,10295
1,UP,53.9,1.925,10296
1,UP,58.82,1.8562,10307
1,UP,62.72,1.875,10304
1,UP,67.0,1.9062,10299
1,UP,71.88,1.8313,10311
1,UP,76.79,1.8,10316
1,UP,81.71,1.8562,10307
1,UP,86.62,1.8438,10309
1,UP,90.53,1.825,10312
1,UP,94.75,1.775,10320
1,UP,99.67,1.8562,10307
2,DOWN,-1.27,1.8062,10315
2,DOWN,3.69,1.5813,10351
2,DOWN,8.56,1.5,10364
2,DOWN,12.44,1.5875,10350
2,DOWN,16.67,1.55,10356
2,DOWN,21.59,1.5188,10361
2,DOWN,26.48,1.6313,10343
2,DOWN,31.38,1.475,10368
2,DOWN,35.26,1.5437,10357
2,DOWN,39.52,1.5437,10357
2,DOWN,44.4,1.5562,10355
2,DOWN,49.42,1.5312,10359
2,DOWN,54.23,1.5562,10355
2,DOWN,58.14,1.525,10360
2,DOWN,62.04,1.5562,10355
2,DOWN,66.28,1.5063,10363
2,DOWN,71.19,1.5312,10359
2,DOWN,76.11,1.525,10360
2,DOWN,81.01,1.5312,10359
2,DOWN,84.92,1.55,10356
2,DOWN,89.19,1.55,10356
2,DOWN,94.07,1.5125,10362
2,DOWN,98.99,1.525,10360
3,UP,-2.12,1.6062,10347
3,UP,2.81,2.2838,10242
3,UP,6.69,2.9392,10145
3,UP,10.59,3.4514,10071
3,UP,14.81,3.8403,10015
3,UP,19.72,4.0,9992
3,UP,24.63,3.7917,10022
3,UP,29.53,3.4653,10069
3,UP,33.44,2.9189,10148
3,UP,37.66,2.1892,10256
3,UP,42.55,1.8625,10306
3,UP,47.52,2.027,10280
3,UP,51.39,2.0676,10274
3,UP,55.3,2.0676,10274
3,UP,59.53,1.9438,10293
3,UP,64.43,1.8938,10301
3,UP,69.37,1.9125,10298
3,UP,74.24,1.8875,10302
3,UP,78.14,1.7812,10319
3,UP,82.38,1.85,10308
3,UP,87.4,1.8188,10313
3,UP,92.2,1.8438,10309
3,UP,97.12,1.8375,10310
4,DOWN,-3.0,1.8562,10307
4,DOWN,0.93,1.775,10320
4,DOWN,5.16,1.4875,10366
4,DOWN,10.06,1.6375,10342
4,DOWN,14.96,1.675,10336
4,DOWN,19.87,1.525,10360
4,DOWN,23.78,1.5125,10362
4,DOWN,27.69,1.5688,10353
4,DOWN,31.92,1.5562,10355
4,DOWN,36.84,1.5312,10359
4,DOWN,41.75,1.5938,10349
4,DOWN,46.67,1.5063,10363
4,DOWN,50.56,1.4688,10369
4,DOWN,54.79,1.5,10364
4,DOWN,59.69,1.575,10352
4,DOWN,64.59,1.525,10360
4,DOWN,69.51,1.5188,10361
4,DOWN,73.4,1.525,10360
4,DOWN,77.38,1.525,10360
4,DOWN,81.55,1.5063,10363
4,DOWN,86.49,1.4937,10365
4,DOWN,91.38,1.5312,10359
4,DOWN,96.29,1.5375,10358
4,DOWN,100.19,1.525,10360
4,DOWN,104.45,1.4688,10369
4,DOWN,109.38,1.5562,10355
4,DOWN,114.29,1.525,10360
4,DOWN,119.17,1.5,10364
4,DOWN,124.09,1.525,10360
4,DOWN,128.01,1.55,10356
4,DOWN,131.9,1.5312,10359
4,DOWN,136.14,1.5125,10362
4,DOWN,141.06,1.5063,10363
4,DOWN,145.97,1.525,10360
4,DOWN,150.89,1.525,10360
4,DOWN,154.79,1.5188,10361
4,DOWN,158.7,1.5125,10362
4,DOWN,162.93,1.5063,10363
4,DOWN,167.84,1.5188,10361
4,DOWN,172.75,1.5188,10361
4,DOWN,177.66,1.5125,10362
4,DOWN,181.55,1.5437,10357
4,DOWN,185.78,1.5625,10354
4,DOWN,190.68,1.4875,10366
4,DOWN,195.58,1.5312,10359
4,DOWN,200.5,1.4937,10365
4,DOWN,204.4,1.525,10360
4,DOWN,208.62,1.5188,10361
4,DOWN,213.54,1.5437,10357
4,DOWN,218.48,1.5312,10359
4,DOWN,223.4,1.4812,10367
4,DOWN,227.25,1.5188,10361
4,DOWN,231.16,1.4937,10365
4,DOWN,235.4,1.5437,10357
4,DOWN,240.3,1.5188,10361
4,DOWN,245.23,1.4625,10370
4,DOWN,250.18,1.475,10368
4,DOWN,254.03,1.5,10364
4,DOWN,258.31,1.5375,10358
4,DOWN,263.2,1.5,10364
4,DOWN,268.11,1.5375,10358
4,DOWN,273.03,1.5125,10362
4,DOWN,277.94,1.475,10368
4,DOWN,282.86,1.5312,10359
4,DOWN,286.78,1.525,10360
4,DOWN,291.03,1.525,10360
4,DOWN,295.93,1.5312,10359
4,DOWN,300.85,1.5375,10358
4,DOWN,305.76,1.5063,10363
4,DOWN,310.68,1.4688,10369
4,DOWN,314.57,1.5312,10359
4,DOWN,318.79,1.5188,10361
4,DOWN,323.7,1.5375,10358
4,DOWN,328.6,1.5375,10358
4,DOWN,333.52,1.4688,10369
4,DOWN,337.41,1.4688,10369
4,DOWN,341.66,1.525,10360
4,DOWN,346.56,1.5437,10357
4,DOWN,351.46,1.5375,10358
4,DOWN,356.42,1.5125,10362
4,DOWN,361.27,1.5312,10359
4,DOWN,365.18,1.5188,10361
4,DOWN,369.43,1.5063,10363
4,DOWN,374.51,1.5437,10357
4,DOWN,379.15,1.5063,10363
4,DOWN,383.04,1.5063,10363
4,DOWN,387.33,1.4812,10367
4,DOWN,392.19,1.525,10360
4,DOWN,397.1,1.5312,10359
4,DOWN,402.03,1.525,10360
4,DOWN,406.93,1.475,10368
4,DOWN,410.83,1.5188,10361
4,DOWN,415.08,1.525,10360
4,DOWN,419.99,1.5125,10362
4,DOWN,424.9,1.5312,10359
4,DOWN,429.81,1.525,10360
4,DOWN,434.71,1.5188,10361
4,DOWN,438.64,1.4625,10370
4,DOWN,442.84,1.4563,10371
4,DOWN,447.74,1.5312,10359
4,DOWN,452.64,1.4625,10370
4,DOWN,457.56,1.5312,10359
4,DOWN,461.46,1.4625,10370
4,DOWN,465.69,1.525,10360
4,DOWN,470.59,1.5063,10363
4,DOWN,475.49,1.5375,10358
4,DOWN,480.43,1.525,10360
4,DOWN,484.29,1.525,10360
4,DOWN,488.55,1.5063,10363
4,DOWN,493.43,1.5312,10359
4,DOWN,498.43,1.5125,10362
4,DOWN,503.26,1.4812,10367
4,DOWN,508.17,1.5,10364
4,DOWN,512.06,1.4875,10366
4,DOWN,516.31,1.525,10360
4,DOWN,521.2,1.5188,10361
4,DOWN,526.15,1.475,10368
4,DOWN,531.04,1.5437,10357
4,DOWN,535.95,1.525,10360
4,DOWN,539.86,1.5375,10358
4,DOWN,544.11,1.5188,10361
4,DOWN,549.03,1.5312,10359
4,DOWN,553.94,1.525,10360
4,DOWN,558.89,1.55,10356
4,DOWN,563.83,1.4625,10370
4,DOWN,567.93,1.475,10368
4,DOWN,572.82,1.5,10364
4,DOWN,577.72,1.525,10360
4,DOWN,582.63,1.5312,10359
4,DOWN,586.56,1.525,10360
4,DOWN,590.75,1.5312,10359
4,DOWN,595.66,1.5375,10358
4,DOWN,600.54,1.4875,10366
4,DOWN,605.4,1.525,10360
4,DOWN,609.29,1.4625,10370
4,DOWN,613.52,1.5188,10361
4,DOWN,618.49,1.5063,10363
4,DOWN,623.39,1.5125,10362
4,DOWN,628.24,1.5188,10361
4,DOWN,632.14,1.525,10360
4,DOWN,636.05,1.5188,10361
4,DOWN,640.29,1.5125,10362
4,DOWN,645.2,1.5,10364
4,DOWN,650.16,1.5125,10362
4,DOWN,655.03,1.5188,10361
4,DOWN,658.95,1.4937,10365
4,DOWN,663.18,1.4937,10365
4,DOWN,668.09,1.475,10368
4,DOWN,672.98,1.4937,10365
4,DOWN,677.9,1.5312,10359
4,DOWN,682.8,1.4937,10365
4,DOWN,686.71,1.4812,10367
4,DOWN,690.97,1.4812,10367
4,DOWN,695.88,1.475,10368
4,DOWN,700.83,1.475,10368
4,DOWN,705.75,1.4563,10371
4,DOWN,710.65,1.4688,10369
4,DOWN,714.55,1.525,10360
4,DOWN,718.78,1.5375,10358
4,DOWN,723.67,1.5375,10358
4,DOWN,728.59,1.5437,10357
4,DOWN,733.48,1.475,10368
4,DOWN,737.39,1.5437,10357
4,DOWN,741.63,1.5312,10359
4,DOWN,746.55,1.5125,10362
4,DOWN,751.46,1.5188,10361
4,DOWN,756.37,1.525,10360
4,DOWN,761.28,1.525,10360
4,DOWN,765.18,1.5125,10362
4,DOWN,769.46,1.525,10360
4,DOWN,774.37,1.525,10360
4,DOWN,779.23,1.5125,10362
4,DOWN,784.14,1.5562,10355
4,DOWN,789.05,1.5,10364
4,DOWN,792.95,1.5063,10363
4,DOWN,797.2,1.5125,10362
4,DOWN,802.13,1.5312,10359
4,DOWN,807.02,1.5312,10359
4,DOWN,811.93,1.5188,10361
4,DOWN,816.85,1.475,10368
4,DOWN,820.75,1.5188,10361
4,DOWN,824.98,1.5188,10361
4,DOWN,829.89,1.5312,10359
4,DOWN,834.8,1.5063,10363
4,DOWN,839.71,1.5188,10361
4,DOWN,843.61,1.5125,10362
4,DOWN,847.83,1.5063,10363
4,DOWN,852.74,1.5125,10362
4,DOWN,857.64,1.5063,10363
4,DOWN,862.55,1.5,10364
4,DOWN,866.52,1.5125,10362
4,DOWN,870.68,1.5063,10363
4,DOWN,875.6,1.5188,10361
4,DOWN,880.49,1.5312,10359
4,DOWN,885.39,1.5125,10362
4,DOWN,890.34,1.5188,10361
4,DOWN,894.23,1.5188,10361
4,DOWN,898.52,1.475,10368
4,DOWN,903.34,1.5125,10362
4,DOWN,908.25,1.4812,10367
4,DOWN,913.17,1.5312,10359
4,DOWN,917.09,1.5312,10359
4,DOWN,921.0,1.5063,10363
4,DOWN,925.24,1.5312,10359
4,DOWN,930.18,1.5312,10359
4,DOWN,935.06,1.475,10368
4,DOWN,939.97,1.5188,10361
4,DOWN,943.87,1.5312,10359
4,DOWN,947.78,1.5312,10359
4,DOWN,952.01,1.5375,10358
4,DOWN,956.91,1.5375,10358
4,DOWN,961.83,1.5312,10359
4,DOWN,966.75,1.5125,10362
4,DOWN,970.63,1.5375,10358
4,DOWN,974.87,1.5375,10358
4,DOWN,979.77,1.4937,10365
4,DOWN,984.66,1.5312,10359
4,DOWN,989.57,1.5312,10359
4,DOWN,993.49,1.475,10368
4,DOWN,997.7,1.4625,10370
4,DOWN,1002.6,1.5437,10357
4,DOWN,1007.5,1.4875,10366
4,DOWN,1012.41,1.5,10364
4,DOWN,1016.32,1.5312,10359
4,DOWN,1020.58,1.4625,10370
4,DOWN,1025.5,1.5,10364
4,DOWN,1030.43,1.4937,10365
4,DOWN,1035.29,1.5188,10361
4,DOWN,1040.21,1.5188,10361
4,DOWN,1044.13,1.5188,10361
4,DOWN,1048.34,1.5,10364
4,DOWN,1053.25,1.525,10360
4,DOWN,1058.19,1.5188,10361
4,DOWN,1063.07,1.5125,10362
4,DOWN,1068.03,1.5,10364
4,DOWN,1071.89,1.5,10364
4,DOWN,1076.13,1.5,10364
4,DOWN,1081.06,1.5063,10363
4,DOWN,1085.95,1.5063,10363
4,DOWN,1090.87,1.5063,10363
4,DOWN,1095.78,1.5063,10363
4,DOWN,1099.67,1.5188,10361
5,UP,-2.1,1.5688,10353
5,UP,2.86,2.4324,10220
5,UP,7.71,3.1667,10112
5,UP,12.61,3.5625,10055
5,UP,16.55,3.8403,10015
5,UP,20.74,3.8889,10008
5,UP,25.66,3.5903,10051
5,UP,30.56,3.1528,10114
5,UP,35.52,2.473,10214
5,UP,40.41,1.8813,10303
5,UP,44.32,1.9,10300
5,UP,48.52,2.1554,10261
5,UP,53.44,2.2365,10249
5,UP,58.34,2.0676,10274
5,UP,63.27,1.9062,10299
5,UP,67.15,1.8375,10310
5,UP,71.07,1.825,10312
5,UP,75.31,1.825,10312
5,UP,80.26,1.7812,10319
5,UP,85.14,1.825,10312
5,UP,90.04,1.8062,10315
5,UP,93.94,1.8125,10314
5,UP,98.17,1.75,10324
6,DOWN,-1.89,1.8,10316
6,DOWN,3.07,1.6313,10343
6,DOWN,7.94,1.575,10352
6,DOWN,12.84,1.6812,10335
6,DOWN,16.75,1.6125,10346
6,DOWN,20.97,1.5375,10358
6,DOWN,25.87,1.55,10356
6,DOWN,30.77,1.5188,10361
6,DOWN,35.69,1.4937,10365
6,DOWN,39.58,1.5312,10359
6,DOWN,43.82,1.5125,10362
6,DOWN,48.73,1.5188,10361
6,DOWN,53.63,1.5063,10363
6,DOWN,58.56,1.5562,10355
6,DOWN,63.48,1.5188,10361
6,DOWN,67.38,1.5125,10362
6,DOWN,71.61,1.5,10364
6,DOWN,76.56,1.5437,10357
6,DOWN,81.42,1.5188,10361
6,DOWN,86.33,1.4937,10365
6,DOWN,90.22,1.4937,10365
6,DOWN,94.13,1.5063,10363
6,DOWN,98.37,1.4937,10365
7,UP,-2.67,1.5437,10357
7,UP,2.24,2.2635,10245
7,UP,7.12,3.0139,10134
7,UP,12.03,3.3889,10080
7,UP,15.94,3.6597,10041
7,UP,20.19,3.7222,10032
7,UP,25.11,3.4653,10069
7,UP,30.03,2.9662,10141
7,UP,34.94,2.277,10243
7,UP,39.86,1.8625,10306
7,UP,43.74,1.9187,10297
7,UP,47.96,2.1486,10262
7,UP,52.87,2.2027,10254
7,UP,57.77,2.0608,10275
7,UP,62.69,1.9062,10299
7,UP,66.57,1.8125,10314
7,UP,70.83,1.8625,10306
7,UP,75.71,1.7812,10319
7,UP,80.6,1.7937,10317
7,UP,85.65,1.7812,10319
7,UP,90.66,1.7875,10318
7,UP,95.58,1.775,10320
8,DOWN,-4.6,1.7875,10318
8,DOWN,0.61,1.6875,10334
8,DOWN,5.46,1.4,10380
8,DOWN,10.34,1.6,10348
8,DOWN,15.26,1.5125,10362
8,DOWN,20.2,1.475,10368
8,DOWN,24.1,1.5688,10353
8,DOWN,28.35,1.55,10356
8,DOWN,33.24,1.4812,10367
8,DOWN,38.15,1.5375,10358
8,DOWN,43.08,1.5125,10362
8,DOWN,47.97,1.5,10364
8,DOWN,51.89,1.4812,10367
8,DOWN,56.16,1.525,10360
8,DOWN,61.05,1.525,10360
8,DOWN,65.95,1.5063,10363
8,DOWN,70.87,1.4312,10375
8,DOWN,75.82,1.5125,10362
8,DOWN,79.68,1.4937,10365
8,DOWN,83.91,1.5,10364
8,DOWN,88.83,1.5,10364
8,DOWN,93.72,1.5063,10363
8,DOWN,98.63,1.4875,10366
8,DOWN,103.53,1.4937,10365
8,DOWN,107.44,1.5,10364
8,DOWN,111.68,1.45,10372
8,DOWN,116.6,1.475,10368
8,DOWN,121.54,1.4812,10367
8,DOWN,126.4,1.4375,10374
8,DOWN,130.31,1.5063,10363
8,DOWN,134.21,1.45,10372
8,DOWN,138.45,1.5,10364
8,DOWN,143.36,1.5125,10362
8,DOWN,148.32,1.4937,10365
8,DOWN,153.19,1.4625,10370
8,DOWN,157.09,1.4812,10367
8,DOWN,161.33,1.4875,10366
8,DOWN,166.25,1.4875,10366
8,DOWN,171.17,1.4812,10367
8,DOWN,176.1,1.4625,10370
8,DOWN,180.98,1.475,10368
8,DOWN,184.89,1.475,10368
8,DOWN,189.14,1.3938,10381
8,DOWN,194.05,1.4875,10366
8,DOWN,198.95,1.4062,10379
8,DOWN,203.87,1.4125,10378
8,DOWN,208.77,1.4312,10375
8,DOWN,212.67,1.4312,10375
8,DOWN,216.89,1.4312,10375
8,DOWN,221.8,1.4875,10366
8,DOWN,226.7,1.4312,10375
8,DOWN,231.61,1.4438,10373
8,DOWN,235.55,1.45,10372
8,DOWN,239.75,1.4438,10373
8,DOWN,244.66,1.425,10376
8,DOWN,249.55,1.425,10376
8,DOWN,254.45,1.4688,10369
8,DOWN,258.36,1.5063,10363
8,DOWN,262.27,1.4688,10369
8,DOWN,266.56,1.4875,10366
8,DOWN,271.41,1.4688,10369
8,DOWN,276.37,1.4375,10374
8,DOWN,281.24,1.475,10368
8,DOWN,285.17,1.475,10368
8,DOWN,289.06,1.4812,10367
8,DOWN,293.31,1.425,10376
8,DOWN,298.23,1.4937,10365
8,DOWN,303.13,1.4875,10366
8,DOWN,308.05,1.4875,10366
8,DOWN,311.95,1.4375,10374
8,DOWN,316.22,1.4312,10375
8,DOWN,321.1,1.5063,10363
8,DOWN,326.0,1.4375,10374
8,DOWN,330.92,1.4438,10373
8,DOWN,335.84,1.4312,10375
8,DOWN,339.73,1.45,10372
8,DOWN,343.96,1.4563,10371
8,DOWN,348.86,1.4375,10374
8,DOWN,353.75,1.4688,10369
8,DOWN,358.66,1.475,10368
8,DOWN,362.61,1.4937,10365
8,DOWN,366.81,1.4937,10365
8,DOWN,371.71,1.4875,10366
8,DOWN,376.62,1.4875,10366
8,DOWN,381.57,1.4937,10365
8,DOWN,386.45,1.4937,10365
8,DOWN,390.35,1.4875,10366
8,DOWN,394.6,1.4937,10365
8,DOWN,399.58,1.4688,10369
8,DOWN,404.48,1.4563,10371
8,DOWN,409.33,1.5063,10363
8,DOWN,414.25,1.5,10364
8,DOWN,418.15,1.45,10372
8,DOWN,422.4,1.5,10364
8,DOWN,427.31,1.4937,10365
8,DOWN,432.25,1.4438,10373
8,DOWN,437.13,1.5,10364
8,DOWN,442.04,1.4875,10366
8,DOWN,445.95,1.4812,10367
8,DOWN,449.86,1.4375,10374
8,DOWN,454.09,1.4937,10365
8,DOWN,459.0,1.4812,10367
8,DOWN,463.9,1.4688,10369
8,DOWN,467.79,1.4812,10367
8,DOWN,472.02,1.5,10364
8,DOWN,476.94,1.4563,10371
8,DOWN,481.85,1.4812,10367
8,DOWN,486.75,1.4812,10367
8,DOWN,491.66,1.4625,10370
8,DOWN,495.59,1.4937,10365
8,DOWN,499.8,1.4875,10366
8,DOWN,504.71,1.4812,10367
8,DOWN,509.61,1.4937,10365
8,DOWN,514.59,1.4812,10367
8,DOWN,519.44,1.475,10368
8,DOWN,523.35,1.5,10364
8,DOWN,527.59,1.4688,10369
8,DOWN,532.5,1.475,10368
8,DOWN,537.42,1.4812,10367
8,DOWN,542.34,1.4688,10369
8,DOWN,547.23,1.4563,10371
8,DOWN,551.14,1.4875,10366
8,DOWN,555.38,1.4875,10366
8,DOWN,560.33,1.475,10368
8,DOWN,565.2,1.475,10368
8,DOWN,570.11,1.475,10368
8,DOWN,575.02,1.45,10372
8,DOWN,578.93,1.4625,10370
8,DOWN,583.18,1.475,10368
8,DOWN,588.12,1.4812,10367
8,DOWN,593.0,1.4875,10366
8,DOWN,597.9,1.4812,10367
8,DOWN,602.8,1.4812,10367
8,DOWN,606.72,1.4812,10367
8,DOWN,610.93,1.4875,10366
8,DOWN,615.85,1.475,10368
8,DOWN,620.75,1.4875,10366
8,DOWN,625.66,1.5188,10361
8,DOWN,629.6,1.4438,10373
8,DOWN,633.8,1.5,10364
8,DOWN,638.71,1.5188,10361
8,DOWN,643.61,1.4563,10371
8,DOWN,648.52,1.4937,10365
8,DOWN,653.41,1.4875,10366
8,DOWN,657.32,1.4937,10365
8,DOWN,661.61,1.5063,10363
8,DOWN,666.47,1.475,10368
8,DOWN,671.38,1.4937,10365
8,DOWN,676.33,1.4812,10367
8,DOWN,680.22,1.4812,10367
8,DOWN,684.14,1.475,10368
8,DOWN,688.37,1.4937,10365
8,DOWN,693.25,1.4937,10365
8,DOWN,698.16,1.4937,10365
8,DOWN,703.08,1.4937,10365
8,DOWN,706.99,1.4438,10373
8,DOWN,711.24,1.4875,10366
8,DOWN,716.17,1.4375,10374
8,DOWN,721.05,1.4375,10374
8,DOWN,725.96,1.45,10372
8,DOWN,730.87,1.4187,10377
8,DOWN,734.76,1.4312,10375
8,DOWN,738.99,1.5188,10361
8,DOWN,743.91,1.4625,10370
8,DOWN,748.81,1.4438,10373
8,DOWN,753.73,1.4438,10373
8,DOWN,757.62,1.5125,10362
8,DOWN,761.52,1.4937,10365
8,DOWN,765.76,1.4937,10365
8,DOWN,770.68,1.4812,10367
8,DOWN,775.62,1.475,10368
8,DOWN,780.51,1.4875,10366
8,DOWN,784.42,1.4875,10366
8,DOWN,788.63,1.5,10364
8,DOWN,793.54,1.4688,10369
8,DOWN,798.45,1.4688,10369
8,DOWN,803.38,1.4812,10367
8,DOWN,808.32,1.4812,10367
8,DOWN,812.2,1.4438,10373
8,DOWN,816.44,1.4563,10371
8,DOWN,821.31,1.4438,10373
8,DOWN,826.23,1.475,10368
8,DOWN,831.15,1.5063,10363
8,DOWN,836.06,1.4625,10370
8,DOWN,839.97,1.4875,10366
8,DOWN,844.24,1.4187,10377
8,DOWN,849.13,1.4312,10375
8,DOWN,854.03,1.4937,10365
8,DOWN,858.94,1.4312,10375
8,DOWN,862.83,1.4563,10371
8,DOWN,867.05,1.5125,10362
8,DOWN,871.95,1.4438,10373
8,DOWN,876.86,1.4625,10370
8,DOWN,881.77,1.45,10372
8,DOWN,886.66,1.4563,10371
8,DOWN,890.64,1.45,10372
8,DOWN,894.81,1.4812,10367
8,DOWN,899.71,1.475,10368
8,DOWN,904.64,1.475,10368
8,DOWN,909.52,1.4438,10373
8,DOWN,913.43,1.4625,10370
8,DOWN,917.68,1.5063,10363
8,DOWN,922.65,1.4625,10370
8,DOWN,927.5,1.4937,10365
8,DOWN,932.44,1.4812,10367
8,DOWN,937.32,1.4625,10370
8,DOWN,941.22,1.5188,10361
8,DOWN,945.46,1.4875,10366
8,DOWN,950.37,1.5,10364
8,DOWN,955.28,1.475,10368
8,DOWN,960.23,1.4875,10366
8,DOWN,965.12,1.4875,10366
8,DOWN,969.02,1.4812,10367
8,DOWN,972.94,1.4875,10366
8,DOWN,977.16,1.4875,10366
8,DOWN,982.07,1.4875,10366
8,DOWN,986.97,1.4937,10365
8,DOWN,990.86,1.5,10364
8,DOWN,995.09,1.5,10364
8,DOWN,1000.0,1.5125,10362
8,DOWN,1004.91,1.5063,10363
8,DOWN,1009.8,1.5063,10363
8,DOWN,1014.72,1.4937,10365
8,DOWN,1018.66,1.5,10364
8,DOWN,1022.85,1.4875,10366
8,DOWN,1027.76,1.5125,10362
8,DOWN,1032.66,1.4875,10366
8,DOWN,1037.57,1.45,10372
8,DOWN,1041.49,1.4937,10365
8,DOWN,1045.44,1.4438,10373
8,DOWN,1049.66,1.4937,10365
8,DOWN,1054.55,1.5,10364
8,DOWN,1059.46,1.4688,10369
8,DOWN,1064.41,1.4563,10371
8,DOWN,1068.31,1.475,10368
8,DOWN,1072.52,1.5,10364
8,DOWN,1077.44,1.475,10368
8,DOWN,1082.33,1.4812,10367
8,DOWN,1087.24,1.4812,10367
8,DOWN,1092.18,1.4812,10367
8,DOWN,1096.04,1.4812,10367
8,DOWN,1100.37,1.4875,10366
9,UP,-0.79,1.7375,10326
9,UP,4.18,2.5,10210
9,UP,9.04,3.0903,10123
9,UP,13.95,3.3819,10081
9,UP,17.85,3.4583,10070
9,UP,22.1,3.3264,10089
9,UP,26.99,2.973,10140
9,UP,31.94,2.4189,10222
9,UP,36.82,2.0,10284
9,UP,40.7,1.8188,10313
9,UP,44.95,1.9812,10287
9,UP,49.84,2.0135,10282
9,UP,54.75,1.8687,10305
9,UP,59.69,1.7875,10318
9,UP,64.56,1.7875,10318
9,UP,68.47,1.7688,10321
9,UP,72.71,1.7937,10317
9,UP,77.69,1.7812,10319
9,UP,82.53,1.7812,10319
9,UP,87.44,1.7812,10319
9,UP,91.34,1.775,10320
9,UP,95.25,1.7937,10317
9,UP,99.53,1.7937,10317
10,DOWN,-0.59,1.75,10324
10,DOWN,4.37,1.4688,10369
10,DOWN,9.29,1.5063,10363
10,DOWN,13.17,1.6187,10345
10,DOWN,17.43,1.5437,10357
10,DOWN,22.31,1.525,10360
10,DOWN,27.22,1.5188,10361
10,DOWN,32.13,1.5375,10358
10,DOWN,37.03,1.4688,10369
10,DOWN,40.93,1.5063,10363
10,DOWN,45.18,1.5063,10363
10,DOWN,50.07,1.4812,10367
10,DOWN,54.98,1.5,10364
10,DOWN,59.88,1.525,10360
10,DOWN,63.79,1.4812,10367
10,DOWN,68.02,1.4875,10366
10,DOWN,72.92,1.4875,10366
10,DOWN,77.84,1.5,10364
10,DOWN,82.73,1.5,10364
10,DOWN,87.65,1.5063,10363
10,DOWN,91.56,1.4875,10366
10,DOWN,95.83,1.475,10368
10,DOWN,100.74,1.4937,10365
11,UP,-0.35,1.7937,10317
11,UP,4.6,2.5473,10203
11,UP,9.46,3.0833,10124
11,UP,14.37,3.3333,10088
11,UP,18.28,3.4375,10073
11,UP,22.52,3.2778,10096
11,UP,27.48,2.8581,10157
11,UP,32.35,2.2568,10246
11,UP,37.25,1.7688,10321
11,UP,42.16,1.8625,10306
11,UP,46.07,1.9937,10285
11,UP,50.32,2.0405,10278
11,UP,55.26,1.9,10300
11,UP,60.14,1.7312,10327
11,UP,65.05,1.7688,10321
11,UP,68.94,1.8313,10311
11,UP,73.16,1.7625,10322
11,UP,78.07,1.7937,10317
11,UP,83.0,1.7812,10319
11,UP,87.88,1.7625,10322
11,UP,91.79,1.7688,10321
11,UP,95.74,1.775,10320
11,UP,99.92,1.7688,10321
12,DOWN,-0.18,1.6875,10334
12,DOWN,4.79,1.4438,10373
12,DOWN,9.64,1.5625,10354
12,DOWN,13.54,1.6187,10345
12,DOWN,17.8,1.5,10364
12,DOWN,22.75,1.4812,10367
12,DOWN,27.61,1.5562,10355
12,DOWN,32.52,1.4812,10367
12,DOWN,37.43,1.475,10368
12,DOWN,41.34,1.5312,10359
12,DOWN,45.59,1.475,10368
12,DOWN,50.54,1.475,10368
12,DOWN,55.41,1.5125,10362
12,DOWN,60.33,1.5188,10361
12,DOWN,65.25,1.5,10364
12,DOWN,69.14,1.475,10368
12,DOWN,73.37,1.4375,10374
12,DOWN,78.32,1.5125,10362
12,DOWN,83.2,1.475,10368
12,DOWN,88.12,1.4875,10366
12,DOWN,93.02,1.425,10376
12,DOWN,96.91,1.5,10364
12,DOWN,101.13,1.4812,10367
12,DOWN,106.04,1.5,10364
12,DOWN,110.93,1.4812,10367
12,DOWN,115.86,1.4875,10366
12,DOWN,119.74,1.4312,10375
12,DOWN,123.98,1.4937,10365
12,DOWN,128.88,1.45,10372
12,DOWN,133.77,1.4375,10374
12,DOWN,138.76,1.5063,10363
12,DOWN,142.59,1.4812,10367
12,DOWN,146.85,1.475,10368
12,DOWN,151.75,1.5125,10362
12,DOWN,156.67,1.4563,10371
12,DOWN,161.58,1.4563,10371
12,DOWN,166.54,1.4937,10365
12,DOWN,170.42,1.4937,10365
12,DOWN,174.64,1.475,10368
12,DOWN,179.54,1.4812,10367
12,DOWN,184.46,1.4812,10367
12,DOWN,189.38,1.45,10372
12,DOWN,194.31,1.4812,10367
12,DOWN,198.2,1.4875,10366
12,DOWN,202.09,1.475,10368
12,DOWN,206.37,1.4875,10366
12,DOWN,211.24,1.4875,10366
12,DOWN,216.15,1.4937,10365
12,DOWN,221.07,1.5063,10363
12,DOWN,224.96,1.4875,10366
12,DOWN,229.19,1.475,10368
12,DOWN,234.13,1.4625,10370
12,DOWN,239.01,1.4625,10370
12,DOWN,243.91,1.4875,10366
12,DOWN,247.82,1.4875,10366
12,DOWN,252.04,1.4625,10370
12,DOWN,256.94,1.4812,10367
12,DOWN,261.87,1.4563,10371
12,DOWN,266.78,1.45,10372
12,DOWN,271.68,1.425,10376
12,DOWN,275.58,1.4375,10374
12,DOWN,279.85,1.4625,10370
12,DOWN,284.78,1.4563,10371
12,DOWN,289.66,1.4625,10370
12,DOWN,294.58,1.4625,10370
12,DOWN,299.49,1.4563,10371
12,DOWN,303.4,1.4625,10370
12,DOWN,307.62,1.4563,10371
12,DOWN,312.54,1.4438,10373
12,DOWN,317.48,1.45,10372
12,DOWN,322.4,1.4312,10375
12,DOWN,327.28,1.4688,10369
12,DOWN,331.18,1.4812,10367
12,DOWN,335.42,1.5,10364
12,DOWN,340.33,1.425,10376
12,DOWN,345.23,1.4,10380
12,DOWN,350.18,1.4125,10378
12,DOWN,354.05,1.475,10368
12,DOWN,358.38,1.4937,10365
12,DOWN,363.25,1.4625,10370
12,DOWN,368.13,1.475,10368
12,DOWN,373.04,1.4438,10373
12,DOWN,377.93,1.4563,10371
12,DOWN,381.84,1.4438,10373
12,DOWN,386.07,1.4563,10371
12,DOWN,390.97,1.4625,10370
12,DOWN,395.89,1.475,10368
12,DOWN,400.79,1.4563,10371
12,DOWN,404.7,1.4062,10379
12,DOWN,408.6,1.4375,10374
12,DOWN,412.87,1.4688,10369
12,DOWN,417.79,1.4563,10371
12,DOWN,422.69,1.4875,10366
12,DOWN,427.59,1.4875,10366
12,DOWN,431.52,1.4875,10366
12,DOWN,435.42,1.475,10368
12,DOWN,439.66,1.4937,10365
12,DOWN,444.57,1.4688,10369
12,DOWN,449.48,1.4625,10370
12,DOWN,454.44,1.4688,10369
12,DOWN,459.3,1.475,10368
12,DOWN,463.21,1.4688,10369
12,DOWN,467.45,1.4812,10367
12,DOWN,472.36,1.4688,10369
12,DOWN,477.27,1.4875,10366
12,DOWN,482.22,1.4563,10371
12,DOWN,487.11,1.4438,10373
12,DOWN,491.0,1.4875,10366
12,DOWN,495.22,1.4625,10370
12,DOWN,500.13,1.4812,10367
12,DOWN,505.05,1.4937,10365
12,DOWN,509.94,1.475,10368
12,DOWN,513.85,1.475,10368
12,DOWN,518.09,1.475,10368
12,DOWN,522.98,1.4688,10369
12,DOWN,527.89,1.4812,10367
12,DOWN,532.8,1.4812,10367
12,DOWN,536.68,1.4812,10367
12,DOWN,540.93,1.4812,10367
12,DOWN,545.83,1.4937,10365
12,DOWN,551.8,1.4937,10365
12,DOWN,556.66,1.4438,10373
12,DOWN,561.57,1.4875,10366
12,DOWN,565.49,1.475,10368
12,DOWN,569.39,1.475,10368
12,DOWN,573.64,1.4875,10366
12,DOWN,578.56,1.4563,10371
12,DOWN,583.46,1.5,10364
12,DOWN,588.36,1.4937,10365
12,DOWN,592.26,1.4812,10367
12,DOWN,596.51,1.4875,10366
12,DOWN,601.42,1.4812,10367
12,DOWN,606.37,1.4937,10365
12,DOWN,611.23,1.5,10364
12,DOWN,616.13,1.5063,10363
12,DOWN,620.03,1.4312,10375
12,DOWN,624.25,1.5,10364
12,DOWN,629.17,1.4875,10366
12,DOWN,634.07,1.4187,10377
12,DOWN,638.98,1.425,10376
12,DOWN,642.89,1.4875,10366
12,DOWN,647.11,1.4937,10365
12,DOWN,652.01,1.4375,10374
12,DOWN,656.95,1.5,10364
12,DOWN,661.82,1.4812,10367
12,DOWN,665.74,1.4875,10366
12,DOWN,669.66,1.4563,10371
12,DOWN,673.91,1.4438,10373
12,DOWN,678.84,1.4625,10370
12,DOWN,683.72,1.4625,10370
12,DOWN,688.63,1.45,10372
12,DOWN,693.55,1.5063,10363
12,DOWN,697.46,1.4688,10369
12,DOWN,701.7,1.4812,10367
12,DOWN,706.61,1.4937,10365
12,DOWN,711.52,1.4688,10369
12,DOWN,716.44,1.475,10368
12,DOWN,721.33,1.5063,10363
12,DOWN,725.24,1.4312,10375
12,DOWN,729.47,1.4875,10366
12,DOWN,734.42,1.4937,10365
12,DOWN,739.29,1.4937,10365
12,DOWN,744.21,1.4937,10365
12,DOWN,748.11,1.4312,10375
12,DOWN,752.34,1.4875,10366
12,DOWN,757.26,1.4875,10366
12,DOWN,762.21,1.4812,10367
12,DOWN,767.09,1.4937,10365
12,DOWN,771.98,1.4875,10366
12,DOWN,775.89,1.475,10368
12,DOWN,780.11,1.4875,10366
12,DOWN,785.01,1.4937,10365
12,DOWN,789.92,1.4875,10366
12,DOWN,794.85,1.425,10376
12,DOWN,798.73,1.475,10368
12,DOWN,802.97,1.4688,10369
12,DOWN,807.87,1.475,10368
12,DOWN,812.84,1.4812,10367
12,DOWN,817.69,1.4875,10366
12,DOWN,822.61,1.4812,10367
12,DOWN,826.54,1.4688,10369
12,DOWN,830.75,1.4937,10365
12,DOWN,835.66,1.4812,10367
12,DOWN,840.58,1.4875,10366
12,DOWN,845.49,1.4937,10365
12,DOWN,850.43,1.4937,10365
12,DOWN,854.33,1.5063,10363
12,DOWN,858.55,1.4875,10366
12,DOWN,863.47,1.4875,10366
12,DOWN,868.38,1.4937,10365
12,DOWN,873.29,1.5,10364
12,DOWN,878.25,1.5,10364
12,DOWN,883.13,1.475,10368
12,DOWN,887.02,1.475,10368
12,DOWN,891.26,1.4875,10366
12,DOWN,896.16,1.4812,10367
12,DOWN,901.06,1.475,10368
12,DOWN,905.97,1.4812,10367
12,DOWN,909.86,1.4812,10367
12,DOWN,914.13,1.4875,10366
12,DOWN,919.01,1.4312,10375
12,DOWN,923.92,1.4937,10365
12,DOWN,928.86,1.45,10372
12,DOWN,933.73,1.4875,10366
12,DOWN,937.63,1.4812,10367
12,DOWN,941.88,1.4937,10365
12,DOWN,946.86,1.4937,10365
12,DOWN,951.71,1.4375,10374
12,DOWN,956.61,1.4937,10365
12,DOWN,960.52,1.4875,10366
12,DOWN,964.43,1.4812,10367
12,DOWN,968.67,1.4812,10367
12,DOWN,973.61,1.4812,10367
12,DOWN,978.52,1.4875,10366
12,DOWN,983.4,1.5,10364
12,DOWN,987.3,1.4812,10367
12,DOWN,991.54,1.4937,10365
12,DOWN,996.45,1.4812,10367
12,DOWN,1001.36,1.475,10368
12,DOWN,1006.31,1.4937,10365
12,DOWN,1011.18,1.5,10364
12,DOWN,1015.07,1.4312,10375
12,DOWN,1019.3,1.4688,10369
12,DOWN,1024.2,1.475,10368
12,DOWN,1029.12,1.4812,10367
12,DOWN,1034.01,1.475,10368
12,DOWN,1037.92,1.4563,10371
12,DOWN,1042.18,1.4688,10369
12,DOWN,1047.03,1.475,10368
12,DOWN,1051.94,1.4563,10371
12,DOWN,1056.88,1.4563,10371
12,DOWN,1060.75,1.4688,10369
12,DOWN,1065.0,1.4625,10370
12,DOWN,1069.93,1.4563,10371
12,DOWN,1074.88,1.45,10372
12,DOWN,1079.73,1.4625,10370
12,DOWN,1084.63,1.4875,10366
12,DOWN,1088.54,1.4375,10374
12,DOWN,1092.78,1.4625,10370
12,DOWN,1097.69,1.4812,10367
13,UP,-3.38,1.4563,10371
13,UP,1.57,2.0676,10274
13,UP,6.45,2.6216,10192
13,UP,10.34,3.0,10136
13,UP,14.24,3.2361,10102
13,UP,18.49,3.3472,10086
13,UP,23.41,3.1319,10117
13,UP,28.35,2.6554,10187
13,UP,33.23,2.1081,10268
13,UP,37.14,1.7812,10319
13,UP,41.37,1.9812,10287
13,UP,46.28,2.1216,10266
13,UP,51.18,2.1149,10267
13,UP,56.08,1.9312,10295
13,UP,59.99,1.7563,10323
13,UP,63.89,1.775,10320
13,UP,68.15,1.8313,10311
13,UP,73.02,1.7688,10321
13,UP,77.91,1.7375,10326
13,UP,82.9,1.7812,10319
13,UP,86.73,1.7375,10326
13,UP,90.98,1.75,10324
13,UP,95.89,1.7437,10325
14,DOWN,-4.24,1.7312,10327
14,DOWN,0.83,1.65,10340
14,DOWN,5.85,1.4312,10375
14,DOWN,10.7,1.6187,10345
14,DOWN,15.59,1.5813,10351
14,DOWN,20.51,1.4625,10370
14,DOWN,25.42,1.4875,10366
14,DOWN,29.33,1.475,10368
14,DOWN,33.58,1.4375,10374
14,DOWN,38.48,1.4438,10373
14,DOWN,43.42,1.475,10368
14,DOWN,48.29,1.4563,10371
14,DOWN,53.21,1.45,10372
14,DOWN,57.11,1.475,10368
14,DOWN,61.35,1.475,10368
14,DOWN,66.26,1.45,10372
14,DOWN,71.21,1.4187,10377
14,DOWN,76.09,1.4812,10367
14,DOWN,80.98,1.4625,10370
14,DOWN,84.89,1.4375,10374
14,DOWN,89.11,1.45,10372
14,DOWN,94.01,1.45,10372
14,DOWN,98.93,1.4625,10370
15,UP,-2.05,1.45,10372
15,UP,1.84,1.9375,10294
15,UP,6.08,2.5811,10198
15,UP,10.95,2.9797,10139
15,UP,15.95,3.1528,10114
15,UP,20.8,3.0278,10132
15,UP,25.7,2.7365,10175
15,UP,29.61,2.3176,10237
15,UP,33.86,1.775,10320
15,UP,38.77,1.9125,10298
15,UP,43.69,2.0676,10274
15,UP,48.59,2.0405,10278
15,UP,53.53,1.8813,10303
15,UP,57.43,1.725,10328
15,UP,61.64,1.8,10316
15,UP,66.55,1.7437,10325
15,UP,71.45,1.7063,10331
15,UP,76.36,1.7063,10331
15,UP,80.26,1.725,10328
15,UP,84.49,1.75,10324
15,UP,89.42,1.7812,10319
15,UP,94.31,1.7063,10331
15,UP,99.4,1.775,10320
16,DOWN,-0.69,1.7312,10327
16,DOWN,4.3,1.4937,10365
16,DOWN,9.13,1.6187,10345
16,DOWN,14.05,1.5813,10351
16,DOWN,18.93,1.5688,10353
16,DOWN,22.84,1.4375,10374
16,DOWN,27.08,1.4875,10366
16,DOWN,31.99,1.4688,10369
16,DOWN,36.93,1.4563,10371
16,DOWN,41.79,1.475,10368
16,DOWN,45.7,1.4438,10373
16,DOWN,49.62,1.4375,10374
16,DOWN,53.92,1.4563,10371
16,DOWN,58.78,1.5,10364
16,DOWN,63.68,1.4563,10371
16,DOWN,68.59,1.45,10372
16,DOWN,72.52,1.4625,10370
16,DOWN,76.72,1.4375,10374
16,DOWN,81.64,1.4937,10365
16,DOWN,86.55,1.4312,10375
16,DOWN,91.45,1.4563,10371
16,DOWN,96.39,1.425,10376
16,DOWN,100.29,1.45,10372
16,DOWN,104.52,1.4625,10370
16,DOWN,109.43,1.4312,10375
16,DOWN,114.33,1.4625,10370
16,DOWN,119.24,1.4438,10373
16,DOWN,124.17,1.4375,10374
16,DOWN,128.05,1.4688,10369
16,DOWN,132.29,1.45,10372
16,DOWN,137.19,1.3813,10383
16,DOWN,142.08,1.4812,10367
16,DOWN,147.0,1.4812,10367
16,DOWN,150.94,1.5,10364
16,DOWN,155.13,1.45,10372
16,DOWN,160.04,1.425,10376
16,DOWN,164.94,1.4688,10369
16,DOWN,169.85,1.475,10368
16,DOWN,174.82,1.4312,10375
16,DOWN,178.72,1.4438,10373
16,DOWN,182.95,1.4375,10374
16,DOWN,187.84,1.4438,10373
16,DOWN,192.75,1.45,10372
16,DOWN,197.67,1.4438,10373
16,DOWN,202.57,1.4375,10374
16,DOWN,206.49,1.4375,10374
16,DOWN,210.73,1.4312,10375
16,DOWN,215.63,1.45,10372
16,DOWN,220.55,1.4187,10377
16,DOWN,225.45,1.475,10368
16,DOWN,230.39,1.4688,10369
16,DOWN,234.29,1.4187,10377
16,DOWN,238.19,1.45,10372
16,DOWN,242.46,1.4,10380
16,DOWN,247.33,1.4812,10367
16,DOWN,252.28,1.375,10384
16,DOWN,257.13,1.4625,10370
16,DOWN,261.04,1.475,10368
16,DOWN,265.26,1.4812,10367
16,DOWN,270.19,1.4125,10378
16,DOWN,275.07,1.4,10380
16,DOWN,279.96,1.4625,10370
16,DOWN,283.86,1.45,10372
16,DOWN,288.13,1.4438,10373
16,DOWN,293.07,1.4625,10370
16,DOWN,297.96,1.4688,10369
16,DOWN,302.84,1.4625,10370
16,DOWN,306.74,1.4375,10374
16,DOWN,310.65,1.45,10372
16,DOWN,314.96,1.425,10376
16,DOWN,319.81,1.4563,10371
16,DOWN,324.71,1.4187,10377
16,DOWN,329.63,1.45,10372
16,DOWN,333.53,1.4375,10374
16,DOWN,337.77,1.425,10376
16,DOWN,342.68,1.4625,10370
16,DOWN,347.59,1.4187,10377
16,DOWN,352.55,1.4187,10377
16,DOWN,357.43,1.4125,10378
16,DOWN,361.33,1.4375,10374
16,DOWN,365.24,1.4062,10379
16,DOWN,369.46,1.4438,10373
16,DOWN,374.36,1.475,10368
16,DOWN,379.27,1.425,10376
16,DOWN,384.19,1.4688,10369
16,DOWN,388.08,1.4375,10374
16,DOWN,392.33,1.4,10380
16,DOWN,397.21,1.4688,10369
16,DOWN,402.11,1.4312,10375
16,DOWN,407.02,1.3938,10381
16,DOWN,410.97,1.4875,10366
16,DOWN,415.14,1.475,10368
16,DOWN,420.08,1.4312,10375
16,DOWN,425.02,1.4187,10377
16,DOWN,429.87,1.475,10368
16,DOWN,433.78,1.4688,10369
16,DOWN,437.68,1.4375,10374
16,DOWN,441.97,1.45,10372
16,DOWN,446.83,1.4438,10373
16,DOWN,451.74,1.4688,10369
16,DOWN,456.66,1.4625,10370
16,DOWN,460.58,1.425,10376
16,DOWN,464.83,1.4563,10371
16,DOWN,469.73,1.475,10368
16,DOWN,474.64,1.4563,10371
16,DOWN,479.55,1.45,10372
16,DOWN,484.49,1.475,10368
16,DOWN,488.4,1.4563,10371
16,DOWN,492.61,1.4563,10371
16,DOWN,497.51,1.4563,10371
16,DOWN,502.42,1.4563,10371
16,DOWN,507.34,1.4062,10379
16,DOWN,512.28,1.4875,10366
16,DOWN,516.16,1.4,10380
16,DOWN,520.39,1.4125,10378
16,DOWN,525.28,1.45,10372
16,DOWN,530.18,1.4625,10370
16,DOWN,535.09,1.4563,10371
16,DOWN,538.98,1.4625,10370
16,DOWN,543.21,1.45,10372
16,DOWN,548.15,1.4375,10374
16,DOWN,553.04,1.475,10368
16,DOWN,557.99,1.475,10368
16,DOWN,562.84,1.4625,10370
16,DOWN,566.75,1.45,10372
16,DOWN,571.0,1.425,10376
16,DOWN,575.91,1.475,10368
16,DOWN,580.83,1.4625,10370
16,DOWN,585.74,1.475,10368
16,DOWN,590.64,1.4438,10373
16,DOWN,594.55,1.4625,10370
16,DOWN,598.79,1.4625,10370
16,DOWN,603.7,1.45,10372
16,DOWN,608.62,1.4563,10371
16,DOWN,613.54,1.4563,10371
16,DOWN,618.44,1.4438,10373
16,DOWN,622.35,1.45,10372
16,DOWN,626.6,1.4875,10366
16,DOWN,631.5,1.4563,10371
16,DOWN,636.44,1.475,10368
16,DOWN,641.31,1.4625,10370
16,DOWN,646.23,1.3875,10382
16,DOWN,650.14,1.3875,10382
16,DOWN,654.37,1.4,10380
16,DOWN,659.26,1.4937,10365
16,DOWN,664.18,1.5,10364
16,DOWN,669.07,1.425,10376
16,DOWN,673.0,1.4312,10375
16,DOWN,677.21,1.475,10368
16,DOWN,682.13,1.4563,10371
16,DOWN,687.0,1.4375,10374
16,DOWN,691.92,1.45,10372
16,DOWN,695.82,1.4,10380
16,DOWN,699.73,1.4438,10373
16,DOWN,704.0,1.4187,10377
16,DOWN,708.89,1.45,10372
16,DOWN,713.77,1.475,10368
16,DOWN,718.69,1.4375,10374
16,DOWN,722.59,1.425,10376
16,DOWN,726.83,1.475,10368
16,DOWN,731.75,1.4,10380
16,DOWN,736.67,1.4125,10378
16,DOWN,741.58,1.45,10372
16,DOWN,746.49,1.4187,10377
16,DOWN,750.4,1.4125,10378
16,DOWN,754.63,1.4125,10378
16,DOWN,759.54,1.4,10380
16,DOWN,764.49,1.4062,10379
16,DOWN,769.35,1.4688,10369
16,DOWN,774.26,1.425,10376
16,DOWN,778.14,1.3875,10382
16,DOWN,782.39,1.475,10368
16,DOWN,787.28,1.3875,10382
16,DOWN,792.2,1.4563,10371
16,DOWN,796.07,1.4375,10374
16,DOWN,800.34,1.5,10364
16,DOWN,805.2,1.4375,10374
16,DOWN,810.12,1.4688,10369
16,DOWN,815.02,1.4688,10369
16,DOWN,819.93,1.4375,10374
16,DOWN,823.84,1.4688,10369
16,DOWN,828.13,1.4375,10374
16,DOWN,833.03,1.4438,10373
16,DOWN,837.9,1.475,10368
16,DOWN,842.8,1.4375,10374
16,DOWN,847.71,1.3938,10381
16,DOWN,851.62,1.475,10368
16,DOWN,855.86,1.4625,10370
16,DOWN,860.78,1.4625,10370
16,DOWN,865.68,1.4625,10370
16,DOWN,870.58,1.4062,10379
16,DOWN,874.49,1.4563,10371
16,DOWN,878.4,1.4438,10373
16,DOWN,882.65,1.4062,10379
16,DOWN,887.55,1.4062,10379
16,DOWN,892.49,1.4,10380
16,DOWN,897.37,1.4062,10379
16,DOWN,901.3,1.4187,10377
16,DOWN,905.51,1.475,10368
16,DOWN,910.42,1.4,10380
16,DOWN,915.32,1.4312,10375
16,DOWN,920.25,1.4125,10378
16,DOWN,924.16,1.4438,10373
16,DOWN,928.39,1.4125,10378
16,DOWN,933.25,1.4187,10377
16,DOWN,938.16,1.425,10376
16,DOWN,943.05,1.4062,10379
16,DOWN,947.96,1.4125,10378
16,DOWN,951.87,1.425,10376
16,DOWN,956.15,1.4688,10369
16,DOWN,961.05,1.4375,10374
16,DOWN,965.94,1.4375,10374
16,DOWN,970.85,1.4375,10374
16,DOWN,975.77,1.45,10372
16,DOWN,979.67,1.4,10380
16,DOWN,983.91,1.4563,10371
16,DOWN,988.82,1.4438,10373
16,DOWN,993.73,1.4563,10371
16,DOWN,998.65,1.4563,10371
16,DOWN,1003.55,1.4312,10375
16,DOWN,1007.46,1.4187,10377
16,DOWN,1011.7,1.4625,10370
16,DOWN,1016.62,1.4125,10378
16,DOWN,1021.53,1.4125,10378
16,DOWN,1026.44,1.4,10380
16,DOWN,1031.33,1.3938,10381
16,DOWN,1035.22,1.4625,10370
16,DOWN,1039.44,1.4688,10369
16,DOWN,1044.4,1.45,10372
16,DOWN,1049.24,1.4688,10369
16,DOWN,1053.16,1.4,10380
16,DOWN,1057.38,1.45,10372
16,DOWN,1062.28,1.4,10380
16,DOWN,1067.18,1.4375,10374
16,DOWN,1072.14,1.4,10380
16,DOWN,1077.06,1.4375,10374
16,DOWN,1080.91,1.4812,10367
16,DOWN,1085.16,1.4563,10371
16,DOWN,1090.05,1.4062,10379
16,DOWN,1094.97,1.45,10372
16,DOWN,1099.87,1.4125,10378
17,UP,-2.22,1.4312,10375
17,UP,1.73,1.8625,10306
17,UP,5.94,2.4662,10215
17,UP,10.84,2.7905,10167
17,UP,15.75,2.9595,10142
17,UP,20.67,2.8446,10159
17,UP,24.55,2.5473,10203
17,UP,28.8,1.9688,10289
17,UP,33.69,1.7063,10331
17,UP,38.61,1.8813,10303
17,UP,43.51,1.9438,10293
17,UP,48.42,1.8562,10307
17,UP,52.33,1.75,10324
17,UP,56.56,1.7063,10331
17,UP,61.46,1.75,10324
17,UP,66.42,1.6812,10335
17,UP,71.26,1.8188,10313
17,UP,75.18,1.7563,10323
17,UP,79.4,1.6625,10338
17,UP,84.31,1.7875,10318
17,UP,89.22,1.6938,10333
17,UP,94.15,1.7125,10330
17,UP,98.06,1.7437,10325
18,DOWN,-2.7,1.6875,10334
18,DOWN,2.22,1.5375,10358
18,DOWN,7.08,1.4125,10378
18,DOWN,12.0,1.5063,10363
18,DOWN,16.91,1.425,10376
18,DOWN,20.85,1.4375,10374
18,DOWN,25.08,1.4312,10375
18,DOWN,29.97,1.4312,10375
18,DOWN,34.87,1.4187,10377
18,DOWN,39.78,1.4312,10375
18,DOWN,44.7,1.4375,10374
18,DOWN,48.6,1.45,10372
18,DOWN,52.83,1.4375,10374
18,DOWN,57.74,1.4688,10369
18,DOWN,62.66,1.4625,10370
18,DOWN,67.58,1.4625,10370
18,DOWN,72.46,1.4,10380
18,DOWN,76.37,1.4688,10369
18,DOWN,80.6,1.3938,10381
18,DOWN,85.55,1.4,10380
18,DOWN,90.42,1.4625,10370
18,DOWN,95.33,1.4688,10369
18,DOWN,99.22,1.4062,10379
19,UP,-2.57,1.45,10372
19,UP,2.38,2.0338,10279
19,UP,7.3,2.4459,10218
19,UP,12.17,2.7095,10179
19,UP,16.08,2.777,10169
19,UP,19.96,2.6689,10185
19,UP,24.23,2.2568,10246
19,UP,29.15,1.8375,10310
19,UP,34.08,1.7625,10322
19,UP,38.95,1.8,10316
19,UP,42.86,1.7375,10326
19,UP,46.77,1.7125,10330
19,UP,51.1,1.7437,10325
19,UP,55.94,1.7125,10330
19,UP,60.84,1.7,10332
19,UP,65.74,1.7312,10327
19,UP,69.69,1.7063,10331
19,UP,73.57,1.7125,10330
19,UP,77.8,1.7188,10329
19,UP,82.71,1.7312,10327
19,UP,87.63,1.7188,10329
19,UP,92.54,1.7375,10326
19,UP,96.44,1.7312,10327
20,DOWN,-4.3,1.675,10336
20,DOWN,0.81,1.6562,10339
20,DOWN,5.4,1.3875,10382
20,DOWN,9.28,1.4688,10369
20,DOWN,13.5,1.475,10368
20,DOWN,18.46,1.4688,10369
20,DOWN,23.31,1.4812,10367
20,DOWN,28.23,1.5063,10363
20,DOWN,32.12,1.5063,10363
20,DOWN,36.37,1.4688,10369
20,DOWN,41.26,1.4688,10369
20,DOWN,46.2,1.4062,10379
20,DOWN,51.1,1.4187,10377
20,DOWN,54.98,1.4312,10375
20,DOWN,59.24,1.4438,10373
20,DOWN,64.16,1.4187,10377
20,DOWN,69.1,1.4062,10379
20,DOWN,73.96,1.45,10372
20,DOWN,78.87,1.4062,10379
20,DOWN,82.77,1.4125,10378
20,DOWN,87.01,1.4375,10374
20,DOWN,91.92,1.4438,10373
20,DOWN,96.83,1.4,10380
20,DOWN,101.73,1.425,10376
20,DOWN,106.64,1.4187,10377
20,DOWN,110.56,1.4,10380
20,DOWN,114.8,1.4,10380
20,DOWN,119.7,1.4,10380
20,DOWN,124.61,1.4125,10378
20,DOWN,129.52,1.3938,10381
20,DOWN,134.47,1.4,10380
20,DOWN,138.37,1.4625,10370
20,DOWN,142.56,1.4688,10369
20,DOWN,147.47,1.4062,10379
20,DOWN,152.39,1.4688,10369
20,DOWN,157.27,1.4062,10379
20,DOWN,161.18,1.4062,10379
20,DOWN,165.41,1.4062,10379
20,DOWN,170.38,1.375,10384
20,DOWN,175.23,1.4062,10379
20,DOWN,180.12,1.4062,10379
20,DOWN,184.03,1.4,10380
20,DOWN,187.94,1.4688,10369
20,DOWN,192.22,1.4125,10378
20,DOWN,197.12,1.4187,10377
20,DOWN,202.01,1.3938,10381
20,DOWN,206.93,1.4,10380
20,DOWN,210.83,1.4187,10377
20,DOWN,215.12,1.4375,10374
20,DOWN,219.97,1.4,10380
20,DOWN,224.89,1.3875,10382
20,DOWN,229.8,1.4312,10375
20,DOWN,234.71,1.4438,10373
20,DOWN,238.62,1.4,10380
20,DOWN,242.86,1.4,10380
20,DOWN,247.77,1.4563,10371
20,DOWN,252.67,1.4062,10379
20,DOWN,257.58,1.4438,10373
20,DOWN,262.53,1.4625,10370
20,DOWN,266.45,1.4125,10378
20,DOWN,270.63,1.3938,10381
20,DOWN,275.55,1.3813,10383
20,DOWN,280.46,1.3875,10382
20,DOWN,285.38,1.3813,10383
20,DOWN,290.32,1.4,10380
20,DOWN,294.22,1.4,10380
20,DOWN,298.45,1.4625,10370
20,DOWN,303.3,1.4563,10371
20,DOWN,308.21,1.4062,10379
20,DOWN,313.13,1.4563,10371
20,DOWN,317.02,1.4563,10371
20,DOWN,321.27,1.4,10380
20,DOWN,326.21,1.4375,10374
20,DOWN,331.14,1.4312,10375
20,DOWN,335.99,1.4625,10370
20,DOWN,340.89,1.4187,10377
20,DOWN,344.8,1.425,10376
20,DOWN,349.03,1.45,10372
20,DOWN,353.95,1.425,10376
20,DOWN,358.87,1.4438,10373
20,DOWN,363.76,1.4375,10374
20,DOWN,367.66,1.4375,10374
20,DOWN,371.91,1.4563,10371
20,DOWN,376.82,1.425,10376
20,DOWN,381.74,1.4062,10379
20,DOWN,386.65,1.45,10372
20,DOWN,391.56,1.4563,10371
20,DOWN,396.48,1.4062,10379
20,DOWN,400.39,1.475,10368
20,DOWN,404.62,1.3938,10381
20,DOWN,409.53,1.4187,10377
20,DOWN,414.47,1.4187,10377
20,DOWN,419.33,1.4,10380
20,DOWN,423.23,1.4125,10378
20,DOWN,427.46,1.4125,10378
20,DOWN,432.35,1.4125,10378
20,DOWN,437.26,1.4125,10378
20,DOWN,442.18,1.4812,10367
20,DOWN,446.04,1.4187,10377
20,DOWN,450.32,1.4125,10378
20,DOWN,455.18,1.4062,10379
20,DOWN,460.15,1.4062,10379
20,DOWN,465.01,1.4125,10378
20,DOWN,468.91,1.4187,10377
20,DOWN,473.16,1.425,10376
20,DOWN,478.06,1.4125,10378
20,DOWN,482.98,1.4125,10378
20,DOWN,487.9,1.4062,10379
20,DOWN,492.8,1.4438,10373
20,DOWN,496.7,1.4187,10377
20,DOWN,500.95,1.4062,10379
20,DOWN,505.86,1.4125,10378
20,DOWN,510.77,1.4062,10379
20,DOWN,515.67,1.3938,10381
20,DOWN,520.58,1.4563,10371
20,DOWN,524.5,1.4062,10379
20,DOWN,528.74,1.475,10368
20,DOWN,533.66,1.4187,10377
20,DOWN,538.57,1.4312,10375
20,DOWN,543.48,1.4812,10367
20,DOWN,548.37,1.45,10372
20,DOWN,552.29,1.4062,10379
20,DOWN,556.51,1.45,10372
20,DOWN,561.42,1.4,10380
20,DOWN,566.35,1.4563,10371
20,DOWN,571.22,1.45,10372
20,DOWN,575.17,1.4438,10373
20,DOWN,579.36,1.4563,10371
20,DOWN,584.27,1.4312,10375
20,DOWN,589.16,1.4438,10373
20,DOWN,594.1,1.3938,10381
20,DOWN,599.0,1.45,10372
20,DOWN,602.91,1.4438,10373
20,DOWN,607.17,1.4312,10375
20,DOWN,612.04,1.4625,10370
20,DOWN,616.95,1.45,10372
20,DOWN,621.86,1.4375,10374
20,DOWN,626.78,1.4688,10369
20,DOWN,630.69,1.4062,10379
20,DOWN,634.92,1.3938,10381
20,DOWN,639.84,1.45,10372
20,DOWN,644.74,1.4625,10370
20,DOWN,649.66,1.4062,10379
20,DOWN,654.56,1.4125,10378
20,DOWN,658.5,1.4187,10377
20,DOWN,662.69,1.425,10376
20,DOWN,667.6,1.425,10376
20,DOWN,672.52,1.4187,10377
20,DOWN,677.43,1.4187,10377
20,DOWN,681.31,1.4187,10377
20,DOWN,685.54,1.4062,10379
20,DOWN,690.5,1.4125,10378
20,DOWN,695.34,1.4062,10379
20,DOWN,700.25,1.4125,10378
20,DOWN,704.18,1.4438,10373
20,DOWN,708.38,1.4375,10374
20,DOWN,713.29,1.4187,10377
20,DOWN,718.21,1.4125,10378
20,DOWN,723.09,1.4563,10371
20,DOWN,726.99,1.4375,10374
20,DOWN,730.9,1.4688,10369
20,DOWN,735.2,1.4375,10374
20,DOWN,740.04,1.3938,10381
20,DOWN,744.94,1.4312,10375
20,DOWN,749.85,1.4125,10378
20,DOWN,753.75,1.45,10372
20,DOWN,758.0,1.4125,10378
20,DOWN,762.92,1.4062,10379
20,DOWN,767.83,1.4062,10379
20,DOWN,772.74,1.4062,10379
20,DOWN,777.64,1.3938,10381
20,DOWN,781.56,1.4125,10378
20,DOWN,785.8,1.4125,10378
20,DOWN,790.71,1.4062,10379
20,DOWN,795.61,1.4062,10379
20,DOWN,800.51,1.4312,10375
20,DOWN,804.41,1.475,10368
20,DOWN,808.65,1.4125,10378
20,DOWN,813.54,1.4688,10369
20,DOWN,818.5,1.3875,10382
20,DOWN,823.34,1.4625,10370
20,DOWN,827.24,1.4563,10371
20,DOWN,831.49,1.3875,10382
20,DOWN,836.35,1.4563,10371
20,DOWN,841.26,1.4438,10373
20,DOWN,846.23,1.4187,10377
20,DOWN,850.04,1.4062,10379
20,DOWN,854.33,1.4312,10375
20,DOWN,859.2,1.4187,10377
20,DOWN,864.11,1.4375,10374
20,DOWN,869.03,1.45,10372
20,DOWN,874.0,1.4,10380
20,DOWN,878.01,1.4125,10378
20,DOWN,883.16,1.4062,10379
20,DOWN,887.76,1.425,10376
20,DOWN,892.0,1.4312,10375
20,DOWN,896.93,1.45,10372
20,DOWN,901.83,1.4,10380
20,DOWN,906.74,1.4062,10379
20,DOWN,911.66,1.4,10380
20,DOWN,915.57,1.4,10380
20,DOWN,919.81,1.45,10372
20,DOWN,924.72,1.4062,10379
20,DOWN,929.63,1.4563,10371
20,DOWN,934.55,1.4688,10369
20,DOWN,939.46,1.3875,10382
20,DOWN,943.35,1.4125,10378
20,DOWN,947.59,1.475,10368
20,DOWN,952.5,1.4688,10369
20,DOWN,957.4,1.4062,10379
20,DOWN,962.37,1.4062,10379
20,DOWN,966.24,1.4125,10378
20,DOWN,970.48,1.4,10380
20,DOWN,975.36,1.4563,10371
20,DOWN,980.27,1.3938,10381
20,DOWN,985.22,1.4625,10370
20,DOWN,990.12,1.4438,10373
20,DOWN,993.97,1.4312,10375
20,DOWN,998.25,1.3938,10381
20,DOWN,1003.11,1.4,10380
20,DOWN,1008.02,1.4375,10374
20,DOWN,1012.93,1.45,10372
20,DOWN,1017.84,1.4187,10377
20,DOWN,1021.75,1.4625,10370
20,DOWN,1026.0,1.4563,10371
20,DOWN,1030.91,1.4563,10371
20,DOWN,1035.83,1.4625,10370
20,DOWN,1040.74,1.4,10380
20,DOWN,1045.64,1.4187,10377
20,DOWN,1049.57,1.45,10372
20,DOWN,1053.81,1.4563,10371
20,DOWN,1058.73,1.45,10372
20,DOWN,1063.64,1.45,10372
20,DOWN,1068.54,1.4625,10370
20,DOWN,1073.46,1.4,10380
20,DOWN,1077.37,1.45,10372
20,DOWN,1081.6,1.4625,10370
20,DOWN,1086.51,1.4,10380
20,DOWN,1091.4,1.4688,10369
20,DOWN,1096.31,1.4,10380
20,DOWN,1100.28,1.4125,10378
21,UP,-1.58,1.475,10368
21,UP,3.37,2.0743,10273
21,UP,8.28,2.4865,10212
21,UP,13.13,2.6014,10195
21,UP,18.03,2.5203,10207
21,UP,21.95,2.2973,10240
21,UP,26.22,1.8,10316
21,UP,31.09,1.7188,10329
21,UP,36.02,1.85,10308
21,UP,40.92,1.8125,10314
21,UP,45.85,1.7312,10327
21,UP,49.74,1.6812,10335
21,UP,53.97,1.7312,10327
21,UP,58.87,1.7312,10327
21,UP,63.79,1.725,10328
21,UP,68.71,1.7063,10331
21,UP,73.61,1.7188,10329
21,UP,77.51,1.7063,10331
21,UP,81.74,1.75,10324
21,UP,86.64,1.7188,10329
21,UP,91.56,1.7188,10329
21,UP,96.5,1.6625,10338
21,UP,100.4,1.6625,10338
22,DOWN,-0.38,1.6187,10345
22,DOWN,4.57,1.4375,10374
22,DOWN,9.42,1.5375,10358
22,DOWN,14.34,1.45,10372
22,DOWN,18.26,1.3562,10387
22,DOWN,22.48,1.3938,10381
22,DOWN,27.44,1.4062,10379
22,DOWN,32.31,1.4125,10378
22,DOWN,37.25,1.3938,10381
22,DOWN,42.12,1.4312,10375
22,DOWN,46.01,1.45,10372
22,DOWN,50.26,1.4312,10375
22,DOWN,55.2,1.4563,10371
22,DOWN,60.08,1.45,10372
22,DOWN,65.0,1.4438,10373
22,DOWN,69.91,1.4375,10374
22,DOWN,73.81,1.45,10372
22,DOWN,78.05,1.4438,10373
22,DOWN,82.96,1.4625,10370
22,DOWN,87.88,1.4563,10371
22,DOWN,92.8,1.4438,10373
22,DOWN,97.71,1.4625,10370
22,DOWN,101.62,1.425,10376
23,UP,-0.17,1.6625,10338
23,UP,4.78,2.0946,10270
23,UP,9.66,2.2703,10244
23,UP,14.57,2.2162,10252
23,UP,19.49,2.0,10284
23,UP,23.38,1.75,10324
23,UP,27.61,1.7312,10327
23,UP,32.52,1.7875,10318
23,UP,37.46,1.725,10328
23,UP,42.32,1.6375,10342
23,UP,46.24,1.7125,10330
23,UP,50.44,1.7063,10331
23,UP,55.36,1.7188,10329
23,UP,60.26,1.6562,10339
23,UP,65.27,1.675,10336
23,UP,70.08,1.6812,10335
23,UP,73.99,1.6625,10338
23,UP,78.24,1.6562,10339
23,UP,83.13,1.6812,10335
23,UP,88.04,1.6313,10343
23,UP,92.95,1.6125,10346
23,UP,97.86,1.6438,10341
24,DOWN,-3.21,1.6187,10345
24,DOWN,1.07,1.525,10360
24,DOWN,5.96,1.4125,10378
24,DOWN,10.87,1.5688,10353
24,DOWN,15.78,1.4875,10366
24,DOWN,20.69,1.4,10380
24,DOWN,24.61,1.4,10380
24,DOWN,28.86,1.3875,10382
24,DOWN,33.77,1.4312,10375
24,DOWN,38.68,1.4375,10374
24,DOWN,43.59,1.3938,10381
24,DOWN,48.52,1.4312,10375
24,DOWN,52.42,1.375,10384
24,DOWN,56.62,1.3938,10381
24,DOWN,61.53,1.3813,10383
24,DOWN,66.42,1.3813,10383
24,DOWN,71.3,1.3875,10382
24,DOWN,75.21,1.425,10376
24,DOWN,79.44,1.4375,10374
24,DOWN,84.39,1.3875,10382
24,DOWN,89.29,1.4,10380
24,DOWN,94.15,1.3687,10385
24,DOWN,98.05,1.3938,10381
24,DOWN,102.33,1.4312,10375
24,DOWN,107.21,1.4,10380
24,DOWN,112.28,1.3813,10383
24,DOWN,116.93,1.3875,10382
24,DOWN,121.15,1.4187,10377
24,DOWN,126.06,1.425,10376
24,DOWN,130.98,1.3875,10382
24,DOWN,135.88,1.3938,10381
24,DOWN,140.8,1.375,10384
24,DOWN,144.7,1.4,10380
24,DOWN,148.93,1.45,10372
24,DOWN,153.84,1.3875,10382
24,DOWN,158.74,1.4312,10375
24,DOWN,163.66,1.4438,10373
24,DOWN,167.56,1.3813,10383
24,DOWN,171.81,1.425,10376
24,DOWN,176.69,1.4125,10378
24,DOWN,181.59,1.4125,10378
24,DOWN,186.49,1.3562,10387
24,DOWN,190.41,1.425,10376
24,DOWN,194.62,1.4,10380
24,DOWN,199.54,1.4125,10378
24,DOWN,204.49,1.425,10376
24,DOWN,209.37,1.4125,10378
24,DOWN,214.31,1.3813,10383
24,DOWN,218.18,1.3562,10387
24,DOWN,222.43,1.3875,10382
24,DOWN,227.33,1.3875,10382
24,DOWN,232.35,1.3938,10381
24,DOWN,237.17,1.3875,10382
24,DOWN,242.06,1.3875,10382
24,DOWN,245.96,1.4,10380
24,DOWN,250.21,1.425,10376
24,DOWN,255.1,1.4312,10375
24,DOWN,260.01,1.4062,10379
24,DOWN,264.92,1.4375,10374
24,DOWN,269.83,1.425,10376
24,DOWN,273.72,1.375,10384
24,DOWN,277.96,1.3813,10383
24,DOWN,282.86,1.375,10384
24,DOWN,287.77,1.3813,10383
24,DOWN,292.7,1.3687,10385
24,DOWN,296.6,1.375,10384
24,DOWN,300.82,1.3687,10385
24,DOWN,305.72,1.375,10384
24,DOWN,310.63,1.4312,10375
24,DOWN,315.52,1.3562,10387
24,DOWN,319.43,1.3813,10383
24,DOWN,323.65,1.4438,10373
24,DOWN,328.56,1.45,10372
24,DOWN,333.47,1.3813,10383
24,DOWN,338.38,1.3687,10385
24,DOWN,343.33,1.4125,10378
24,DOWN,347.18,1.3875,10382
24,DOWN,351.43,1.4187,10377
24,DOWN,356.38,1.425,10376
24,DOWN,361.23,1.4062,10379
24,DOWN,366.15,1.4187,10377
24,DOWN,371.06,1.425,10376
24,DOWN,374.96,1.3938,10381
24,DOWN,379.21,1.3875,10382
24,DOWN,384.15,1.425,10376
24,DOWN,389.06,1.3875,10382
24,DOWN,393.94,1.3687,10385
24,DOWN,397.84,1.3875,10382
24,DOWN,402.07,1.425,10376
24,DOWN,406.98,1.4438,10373
24,DOWN,411.89,1.4438,10373
24,DOWN,416.79,1.4375,10374
24,DOWN,421.7,1.4125,10378
24,DOWN,425.61,1.4438,10373
24,DOWN,429.84,1.45,10372
24,DOWN,434.74,1.4187,10377
24,DOWN,439.66,1.4563,10371
24,DOWN,444.56,1.375,10384
24,DOWN,448.5,1.425,10376
24,DOWN,452.39,1.4312,10375
24,DOWN,456.6,1.4187,10377
24,DOWN,461.5,1.4062,10379
24,DOWN,466.41,1.4375,10374
24,DOWN,471.35,1.4312,10375
24,DOWN,475.22,1.4062,10379
24,DOWN,479.47,1.4187,10377
24,DOWN,484.4,1.4125,10378
24,DOWN,489.27,1.4375,10374
24,DOWN,494.17,1.3938,10381
24,DOWN,498.09,1.375,10384
24,DOWN,501.99,1.3562,10387
24,DOWN,506.23,1.4,10380
24,DOWN,511.14,1.4312,10375
24,DOWN,516.05,1.3875,10382
24,DOWN,520.97,1.4438,10373
24,DOWN,524.87,1.4312,10375
24,DOWN,529.1,1.4438,10373
24,DOWN,534.0,1.3813,10383
24,DOWN,538.9,1.4312,10375
24,DOWN,543.82,1.4375,10374
24,DOWN,548.73,1.4375,10374
24,DOWN,552.65,1.3938,10381
24,DOWN,556.87,1.4312,10375
24,DOWN,561.78,1.425,10376
24,DOWN,566.69,1.425,10376
24,DOWN,571.61,1.4125,10378
24,DOWN,575.5,1.4187,10377
24,DOWN,579.73,1.4312,10375
24,DOWN,584.63,1.4438,10373
24,DOWN,589.52,1.4375,10374
24,DOWN,594.43,1.425,10376
24,DOWN,598.35,1.4062,10379
24,DOWN,602.23,1.3687,10385
24,DOWN,606.49,1.3938,10381
24,DOWN,611.39,1.4187,10377
24,DOWN,616.41,1.4,10380
24,DOWN,621.22,1.4187,10377
24,DOWN,625.13,1.4062,10379
24,DOWN,629.04,1.425,10376
24,DOWN,633.28,1.4,10380
24,DOWN,638.19,1.4187,10377
24,DOWN,643.11,1.4563,10371
24,DOWN,648.02,1.4187,10377
24,DOWN,651.92,1.4187,10377
24,DOWN,656.19,1.3938,10381
24,DOWN,661.07,1.3938,10381
24,DOWN,665.99,1.3875,10382
24,DOWN,670.89,1.3938,10381
24,DOWN,675.78,1.4,10380
24,DOWN,679.68,1.4,10380
24,DOWN,683.92,1.4125,10378
24,DOWN,688.82,1.35,10388
24,DOWN,693.73,1.425,10376
24,DOWN,698.64,1.3438,10389
24,DOWN,702.54,1.3625,10386
24,DOWN,706.77,1.3625,10386
24,DOWN,711.66,1.4187,10377
24,DOWN,716.56,1.35,10388
24,DOWN,721.47,1.3687,10385
24,DOWN,725.38,1.3562,10387
24,DOWN,729.61,1.4187,10377
24,DOWN,734.52,1.4125,10378
24,DOWN,739.43,1.4,10380
24,DOWN,744.42,1.4187,10377
24,DOWN,749.24,1.4375,10374
24,DOWN,753.15,1.4375,10374
24,DOWN,757.39,1.4312,10375
24,DOWN,762.34,1.4375,10374
24,DOWN,767.21,1.4125,10378
24,DOWN,772.16,1.3938,10381
24,DOWN,776.01,1.4,10380
24,DOWN,779.93,1.4062,10379
24,DOWN,784.2,1.4375,10374
24,DOWN,789.08,1.3687,10385
24,DOWN,793.99,1.4438,10373
24,DOWN,798.9,1.4375,10374
24,DOWN,802.82,1.4312,10375
24,DOWN,806.72,1.45,10372
24,DOWN,810.96,1.4375,10374
24,DOWN,815.87,1.4438,10373
24,DOWN,820.79,1.4375,10374
24,DOWN,825.7,1.45,10372
24,DOWN,829.59,1.4125,10378
24,DOWN,833.81,1.4125,10378
24,DOWN,838.73,1.4312,10375
24,DOWN,843.64,1.4062,10379
24,DOWN,848.54,1.45,10372
24,DOWN,852.49,1.3687,10385
24,DOWN,856.69,1.3625,10386
24,DOWN,861.58,1.3562,10387
24,DOWN,866.5,1.425,10376
24,DOWN,871.4,1.4125,10378
24,DOWN,876.34,1.4125,10378
24,DOWN,880.24,1.4187,10377
24,DOWN,884.5,1.3938,10381
24,DOWN,889.4,1.4187,10377
24,DOWN,894.28,1.3938,10381
24,DOWN,899.2,1.3938,10381
24,DOWN,904.13,1.4125,10378
24,DOWN,908.0,1.4,10380
24,DOWN,912.28,1.4,10380
24,DOWN,917.16,1.4062,10379
24,DOWN,922.06,1.3813,10383
24,DOWN,926.97,1.3687,10385
24,DOWN,931.89,1.3625,10386
24,DOWN,935.77,1.3813,10383
24,DOWN,940.01,1.4187,10377
24,DOWN,944.92,1.3938,10381
24,DOWN,949.82,1.4312,10375
24,DOWN,954.73,1.3813,10383
24,DOWN,958.64,1.4375,10374
24,DOWN,962.86,1.4375,10374
24,DOWN,967.76,1.4187,10377
24,DOWN,972.68,1.4125,10378
24,DOWN,977.57,1.4187,10377
24,DOWN,981.48,1.375,10384
24,DOWN,985.71,1.45,10372
24,DOWN,990.6,1.4438,10373
24,DOWN,995.52,1.3687,10385
24,DOWN,1000.46,1.4312,10375
24,DOWN,1005.33,1.4375,10374
24,DOWN,1009.24,1.4125,10378
24,DOWN,1013.49,1.4438,10373
24,DOWN,1018.41,1.3938,10381
24,DOWN,1023.3,1.3687,10385
24,DOWN,1028.24,1.4062,10379
24,DOWN,1033.12,1.3875,10382
24,DOWN,1037.02,1.4062,10379
24,DOWN,1041.27,1.4062,10379
24,DOWN,1046.18,1.4062,10379
24,DOWN,1051.09,1.3687,10385
24,DOWN,1056.01,1.4187,10377
24,DOWN,1060.92,1.4438,10373
24,DOWN,1064.82,1.375,10384
24,DOWN,1069.07,1.45,10372
24,DOWN,1073.98,1.45,10372
24,DOWN,1078.9,1.375,10384
24,DOWN,1083.8,1.4375,10374
24,DOWN,1088.71,1.4312,10375
24,DOWN,1092.68,1.45,10372
24,DOWN,1096.88,1.4062,10379
25,UP,-4.26,1.3687,10385
25,UP,0.77,1.7688,10321
25,UP,5.44,2.0068,10283
25,UP,9.67,2.223,10251
25,UP,14.6,2.1689,10259
25,UP,19.48,1.9187,10297
25,UP,24.42,1.6812,10335
25,UP,28.29,1.6375,10342
25,UP,32.57,1.6875,10334
25,UP,37.44,1.7437,10325
25,UP,42.45,1.6812,10335
25,UP,47.28,1.6938,10333
25,UP,52.19,1.6562,10339
25,UP,57.1,1.6438,10341
25,UP,61.01,1.6562,10339
25,UP,65.25,1.6687,10337
25,UP,70.2,1.675,10336
25,UP,75.07,1.6375,10342
25,UP,79.97,1.6313,10343
25,UP,83.89,1.6062,10347
25,UP,87.79,1.6562,10339
25,UP,92.04,1.6625,10338
25,UP,96.95,1.6562,10339
26,DOWN,-3.12,1.6812,10335
26,DOWN,1.82,1.5437,10357
26,DOWN,6.72,1.3562,10387
26,DOWN,10.59,1.4875,10366
26,DOWN,14.81,1.4438,10373
26,DOWN,19.72,1.3562,10387
26,DOWN,24.61,1.4875,10366
26,DOWN,28.52,1.4,10380
26,DOWN,32.75,1.375,10384
26,DOWN,37.63,1.3687,10385
26,DOWN,42.55,1.375,10384
26,DOWN,47.44,1.3813,10383
26,DOWN,51.35,1.3625,10386
26,DOWN,55.26,1.4,10380
26,DOWN,59.52,1.3813,10383
26,DOWN,64.44,1.425,10376
26,DOWN,69.38,1.3562,10387
26,DOWN,74.24,1.4125,10378
26,DOWN,79.16,1.3813,10383
26,DOWN,83.07,1.4062,10379
26,DOWN,87.29,1.4,10380
26,DOWN,92.2,1.4,10380
26,DOWN,97.13,1.4062,10379
26,DOWN,102.03,1.3687,10385
27,UP,-0.06,1.6062,10347
27,UP,3.92,1.8562,10307
27,UP,8.09,2.0203,10281
27,UP,12.98,1.9625,10290
27,UP,17.89,1.7563,10323
27,UP,22.8,1.575,10352
27,UP,26.72,1.675,10336
27,UP,30.94,1.6938,10333
27,UP,35.84,1.65,10340
27,UP,40.74,1.625,10344
27,UP,45.64,1.6062,10347
27,UP,49.55,1.6,10348
27,UP,53.78,1.6687,10337
27,UP,58.69,1.6687,10337
27,UP,63.59,1.6562,10339
27,UP,68.5,1.6812,10335
27,UP,73.47,1.6625,10338
27,UP,77.3,1.6125,10346
27,UP,81.55,1.6187,10345
27,UP,86.45,1.5938,10349
27,UP,91.41,1.65,10340
27,UP,96.27,1.6375,10342
27,UP,101.2,1.625,10344
28,DOWN,0.06,1.6313,10343
28,DOWN,4.24,1.3125,10394
28,DOWN,9.1,1.4812,10367
28,DOWN,14.05,1.5437,10357
28,DOWN,18.94,1.425,10376
28,DOWN,23.88,1.425,10376
28,DOWN,27.78,1.4187,10377
28,DOWN,32.0,1.3875,10382
28,DOWN,36.92,1.4062,10379
28,DOWN,41.82,1.3875,10382
28,DOWN,46.74,1.425,10376
28,DOWN,51.63,1.3562,10387
28,DOWN,55.55,1.3687,10385
28,DOWN,59.77,1.4187,10377
28,DOWN,64.7,1.325,10392
28,DOWN,69.61,1.3313,10391
28,DOWN,74.48,1.325,10392
28,DOWN,78.39,1.4187,10377
28,DOWN,82.62,1.3188,10393
28,DOWN,87.51,1.325,10392
28,DOWN,92.42,1.3938,10381
28,DOWN,97.32,1.3625,10386
28,DOWN,101.25,1.325,10392
28,DOWN,105.47,1.3938,10381
28,DOWN,110.38,1.4,10380
28,DOWN,115.33,1.4,10380
28,DOWN,120.18,1.4,10380
28,DOWN,125.09,1.3687,10385
28,DOWN,129.0,1.4125,10378
28,DOWN,133.23,1.3875,10382
28,DOWN,138.19,1.3562,10387
28,DOWN,143.05,1.4187,10377
28,DOWN,147.96,1.4125,10378
28,DOWN,152.88,1.4062,10379
28,DOWN,156.78,1.375,10384
28,DOWN,161.02,1.4125,10378
28,DOWN,165.96,1.3938,10381
28,DOWN,170.85,1.3625,10386
28,DOWN,175.75,1.3313,10391
28,DOWN,180.67,1.3375,10390
28,DOWN,184.58,1.325,10392
28,DOWN,188.81,1.3875,10382
28,DOWN,193.71,1.4,10380
28,DOWN,198.62,1.3938,10381
28,DOWN,203.52,1.3562,10387
28,DOWN,207.43,1.3875,10382
28,DOWN,211.65,1.3438,10389
28,DOWN,216.55,1.3313,10391
28,DOWN,221.47,1.4062,10379
28,DOWN,226.39,1.3875,10382
28,DOWN,230.36,1.4187,10377
28,DOWN,234.21,1.4,10380
28,DOWN,238.44,1.3875,10382
28,DOWN,243.34,1.3625,10386
28,DOWN,248.24,1.3938,10381
28,DOWN,253.15,1.3938,10381
28,DOWN,257.05,1.375,10384
28,DOWN,261.35,1.4,10380
28,DOWN,266.25,1.4062,10379
28,DOWN,271.11,1.4062,10379
28,DOWN,276.03,1.4062,10379
28,DOWN,280.93,1.3562,10387
28,DOWN,284.84,1.3875,10382
28,DOWN,289.07,1.3562,10387
28,DOWN,294.01,1.3562,10387
28,DOWN,298.89,1.3438,10389
28,DOWN,303.8,1.325,10392
28,DOWN,308.72,1.3188,10393
28,DOWN,312.62,1.3188,10393
28,DOWN,316.85,1.3938,10381
28,DOWN,321.75,1.4125,10378
28,DOWN,326.66,1.3625,10386
28,DOWN,331.55,1.3813,10383
28,DOWN,335.46,1.3313,10391
28,DOWN,339.67,1.3875,10382
28,DOWN,344.6,1.4,10380
28,DOWN,349.49,1.3813,10383
28,DOWN,354.4,1.4,10380
28,DOWN,358.35,1.375,10384
28,DOWN,362.53,1.3938,10381
28,DOWN,367.51,1.3625,10386
28,DOWN,372.36,1.3813,10383
28,DOWN,377.26,1.375,10384
28,DOWN,382.21,1.35,10388
28,DOWN,386.1,1.3813,10383
28,DOWN,390.36,1.3625,10386
28,DOWN,395.22,1.3438,10389
28,DOWN,400.13,1.375,10384
28,DOWN,405.04,1.4312,10375
28,DOWN,410.0,1.3813,10383
28,DOWN,413.86,1.4,10380
28,DOWN,418.15,1.3875,10382
28,DOWN,423.04,1.375,10384
28,DOWN,427.94,1.35,10388
28,DOWN,432.86,1.3438,10389
28,DOWN,437.75,1.3375,10390
28,DOWN,441.66,1.4,10380
28,DOWN,445.87,1.4,10380
28,DOWN,450.78,1.3313,10391
28,DOWN,455.69,1.3938,10381
28,DOWN,460.58,1.3875,10382
28,DOWN,464.49,1.3125,10394
28,DOWN,468.72,1.4,10380
28,DOWN,473.63,1.4062,10379
28,DOWN,478.53,1.3188,10393
28,DOWN,483.43,1.4062,10379
28,DOWN,487.37,1.3625,10386
28,DOWN,491.56,1.375,10384
28,DOWN,496.48,1.3938,10381
28,DOWN,501.38,1.4187,10377
28,DOWN,506.32,1.35,10388
28,DOWN,511.19,1.3813,10383
28,DOWN,515.1,1.3313,10391
28,DOWN,519.38,1.3438,10389
28,DOWN,524.25,1.35,10388
28,DOWN,529.15,1.4062,10379
28,DOWN,534.1,1.4062,10379
28,DOWN,538.01,1.4187,10377
28,DOWN,541.87,1.4,10380
28,DOWN,546.14,1.375,10384
28,DOWN,551.02,1.4062,10379
28,DOWN,555.93,1.3687,10385
28,DOWN,560.83,1.4062,10379
28,DOWN,564.73,1.4,10380
28,DOWN,568.99,1.3562,10387
28,DOWN,573.89,1.35,10388
28,DOWN,578.8,1.3313,10391
28,DOWN,583.7,1.3562,10387
28,DOWN,587.59,1.325,10392
28,DOWN,591.82,1.35,10388
28,DOWN,596.72,1.35,10388
28,DOWN,601.63,1.375,10384
28,DOWN,606.53,1.3687,10385
28,DOWN,610.42,1.35,10388
28,DOWN,614.65,1.3375,10390
28,DOWN,619.54,1.3875,10382
28,DOWN,624.45,1.3625,10386
28,DOWN,629.39,1.3625,10386
28,DOWN,633.25,1.3562,10387
28,DOWN,637.51,1.3562,10387
28,DOWN,642.39,1.3687,10385
28,DOWN,647.3,1.375,10384
28,DOWN,652.2,1.3687,10385
28,DOWN,657.1,1.35,10388
28,DOWN,661.02,1.3813,10383
28,DOWN,665.25,1.35,10388
28,DOWN,670.19,1.3625,10386
28,DOWN,675.07,1.3625,10386
28,DOWN,679.98,1.3375,10390
28,DOWN,684.89,1.35,10388
28,DOWN,688.84,1.35,10388
28,DOWN,693.04,1.35,10388
28,DOWN,697.97,1.3625,10386
28,DOWN,702.85,1.35,10388
28,DOWN,707.76,1.3375,10390
28,DOWN,711.67,1.3438,10389
28,DOWN,715.88,1.325,10392
28,DOWN,720.79,1.4,10380
28,DOWN,725.69,1.4125,10378
28,DOWN,730.58,1.325,10392
28,DOWN,734.49,1.3813,10383
28,DOWN,738.72,1.3125,10394
28,DOWN,743.61,1.3687,10385
28,DOWN,748.53,1.3375,10390
28,DOWN,753.41,1.3687,10385
28,DOWN,757.32,1.375,10384
28,DOWN,761.56,1.325,10392
28,DOWN,766.47,1.4062,10379
28,DOWN,771.42,1.375,10384
28,DOWN,776.28,1.3687,10385
28,DOWN,780.18,1.3375,10390
28,DOWN,784.41,1.3562,10387
28,DOWN,789.32,1.3562,10387
28,DOWN,794.26,1.3188,10393
28,DOWN,799.14,1.3438,10389
28,DOWN,804.04,1.3375,10390
28,DOWN,807.96,1.3375,10390
28,DOWN,812.19,1.4062,10379
28,DOWN,817.1,1.3438,10389
28,DOWN,822.06,1.3125,10394
28,DOWN,826.93,1.3313,10391
28,DOWN,831.84,1.3313,10391
28,DOWN,835.75,1.3313,10391
28,DOWN,839.99,1.3938,10381
28,DOWN,844.9,1.325,10392
28,DOWN,849.81,1.3313,10391
28,DOWN,854.73,1.4,10380
28,DOWN,858.63,1.3875,10382
28,DOWN,862.85,1.325,10392
28,DOWN,867.76,1.4187,10377
28,DOWN,872.67,1.3438,10389
28,DOWN,877.55,1.3313,10391
28,DOWN,881.46,1.4062,10379
28,DOWN,885.69,1.3813,10383
28,DOWN,890.59,1.3938,10381
28,DOWN,895.49,1.3562,10387
28,DOWN,900.43,1.3438,10389
28,DOWN,904.3,1.4062,10379
28,DOWN,908.2,1.3,10396
28,DOWN,912.44,1.375,10384
28,DOWN,917.34,1.3687,10385
28,DOWN,922.3,1.3625,10386
28,DOWN,927.18,1.3687,10385
28,DOWN,931.07,1.325,10392
28,DOWN,935.31,1.3562,10387
28,DOWN,940.22,1.3625,10386
28,DOWN,945.14,1.3188,10393
28,DOWN,950.07,1.3562,10387
28,DOWN,953.97,1.3938,10381
28,DOWN,958.21,1.3562,10387
28,DOWN,963.09,1.3562,10387
28,DOWN,968.03,1.3625,10386
28,DOWN,972.92,1.3625,10386
28,DOWN,977.82,1.3375,10390
28,DOWN,981.73,1.3438,10389
28,DOWN,985.99,1.4187,10377
28,DOWN,990.87,1.4,10380
28,DOWN,995.78,1.4125,10378
28,DOWN,1000.69,1.4062,10379
28,DOWN,1005.58,1.3687,10385
28,DOWN,1009.5,1.3562,10387
28,DOWN,1013.72,1.3625,10386
28,DOWN,1018.61,1.3813,10383
28,DOWN,1023.52,1.3562,10387
28,DOWN,1028.45,1.35,10388
28,DOWN,1032.33,1.3562,10387
28,DOWN,1036.59,1.4187,10377
28,DOWN,1041.51,1.3813,10383
28,DOWN,1046.45,1.3813,10383
28,DOWN,1051.33,1.3438,10389
28,DOWN,1056.22,1.35,10388
28,DOWN,1060.13,1.4,10380
28,DOWN,1064.37,1.4125,10378
28,DOWN,1069.28,1.35,10388
28,DOWN,1074.25,1.4,10380
28,DOWN,1079.09,1.4,10380
28,DOWN,1084.0,1.4125,10378
28,DOWN,1087.91,1.425,10376
28,DOWN,1092.15,1.3875,10382
28,DOWN,1097.07,1.375,10384
29,UP,-3.87,1.4,10380
29,UP,1.05,1.7563,10323
29,UP,5.94,2.0135,10282
29,UP,9.83,2.0068,10283
29,UP,14.07,1.9812,10287
29,UP,18.99,1.75,10324
29,UP,23.9,1.6125,10346
29,UP,28.79,1.7312,10327
29,UP,32.72,1.75,10324
29,UP,36.6,1.7375,10326
29,UP,40.84,1.6438,10341
29,UP,45.73,1.6125,10346
29,UP,50.61,1.65,10340
29,UP,54.52,1.6562,10339
29,UP,58.78,1.6375,10342
29,UP,63.66,1.6125,10346
29,UP,68.6,1.6687,10337
29,UP,73.47,1.6062,10347
29,UP,77.36,1.6187,10345
29,UP,81.27,1.6125,10346
29,UP,85.51,1.6438,10341
29,UP,90.42,1.6062,10347
29,UP,95.35,1.625,10344
29,UP,100.31,1.65,10340
30,DOWN,-0.82,1.6125,10346
30,DOWN,3.46,1.4062,10379
30,DOWN,8.3,1.45,10372
30,DOWN,13.2,1.4312,10375
30,DOWN,18.12,1.375,10384
30,DOWN,23.02,1.4312,10375
30,DOWN,26.94,1.425,10376
30,DOWN,30.84,1.4125,10378
30,DOWN,35.11,1.3938,10381
30,DOWN,39.99,1.4187,10377
30,DOWN,44.89,1.425,10376
30,DOWN,48.78,1.3875,10382
30,DOWN,53.0,1.4062,10379
30,DOWN,57.91,1.4,10380
30,DOWN,62.8,1.3938,10381
30,DOWN,67.73,1.4,10380
30,DOWN,71.6,1.3625,10386
30,DOWN,75.85,1.35,10388
30,DOWN,80.74,1.3813,10383
30,DOWN,85.66,1.3687,10385
30,DOWN,90.62,1.35,10388
30,DOWN,95.49,1.3875,10382
30,DOWN,99.42,1.3875,10382
31,UP,-2.35,1.4563,10371
31,UP,2.67,1.875,10304
31,UP,7.47,2.1149,10267
31,UP,12.37,2.0946,10270
31,UP,17.32,1.95,10292
31,UP,21.23,1.6938,10333
31,UP,25.47,1.675,10336
31,UP,30.35,1.6812,10335
31,UP,35.25,1.675,10336
31,UP,40.17,1.6375,10342
31,UP,45.1,1.6125,10346
31,UP,49.03,1.6062,10347
31,UP,52.9,1.5688,10353
31,UP,57.16,1.6125,10346
31,UP,62.04,1.6062,10347
31,UP,66.96,1.625,10344
31,UP,71.85,1.6125,10346
31,UP,75.76,1.6187,10345
31,UP,79.99,1.5562,10355
31,UP,84.9,1.6125,10346
31,UP,89.79,1.6125,10346
31,UP,94.7,1.5562,10355
31,UP,98.64,1.625,10344
32,DOWN,-2.17,1.6187,10345
32,DOWN,2.78,1.4062,10379
32,DOWN,7.66,1.4125,10378
32,DOWN,12.55,1.4937,10365
32,DOWN,17.47,1.4062,10379
32,DOWN,21.39,1.3125,10394
32,DOWN,25.65,1.4,10380
32,DOWN,30.53,1.3625,10386
32,DOWN,35.44,1.3375,10390
32,DOWN,40.4,1.3875,10382
32,DOWN,45.27,1.3625,10386
32,DOWN,49.17,1.3438,10389
32,DOWN,53.41,1.3,10396
32,DOWN,58.33,1.3938,10381
32,DOWN,63.25,1.3562,10387
32,DOWN,68.19,1.3562,10387
32,DOWN,73.06,1.3938,10381
32,DOWN,76.96,1.3813,10383
32,DOWN,81.19,1.3813,10383
32,DOWN,86.1,1.3438,10389
32,DOWN,91.02,1.3625,10386
32,DOWN,95.93,1.3875,10382
32,DOWN,99.83,1.3562,10387
32,DOWN,104.05,1.3625,10386
32,DOWN,108.98,1.3938,10381
32,DOWN,113.89,1.3938,10381
32,DOWN,118.79,1.3625,10386
32,DOWN,123.68,1.3375,10390
32,DOWN,127.66,1.3375,10390
32,DOWN,131.83,1.3313,10391
32,DOWN,136.74,1.3625,10386
32,DOWN,141.66,1.3875,10382
32,DOWN,146.54,1.3813,10383
32,DOWN,151.46,1.3687,10385
32,DOWN,155.36,1.3438,10389
32,DOWN,159.66,1.3813,10383
32,DOWN,164.53,1.3687,10385
32,DOWN,169.42,1.3813,10383
32,DOWN,174.33,1.3625,10386
32,DOWN,179.25,1.3188,10393
32,DOWN,183.16,1.3313,10391
32,DOWN,187.39,1.35,10388
32,DOWN,192.34,1.325,10392
32,DOWN,197.21,1.3687,10385
32,DOWN,202.12,1.3875,10382
32,DOWN,206.04,1.3687,10385
32,DOWN,209.94,1.3125,10394
32,DOWN,214.16,1.3625,10386
32,DOWN,219.07,1.3625,10386
32,DOWN,223.97,1.3625,10386
32,DOWN,228.88,1.3875,10382
32,DOWN,232.79,1.3625,10386
32,DOWN,237.0,1.3625,10386
32,DOWN,241.92,1.3625,10386
32,DOWN,246.81,1.3687,10385
32,DOWN,251.73,1.3562,10387
32,DOWN,255.67,1.3813,10383
32,DOWN,259.86,1.3438,10389
32,DOWN,264.78,1.3875,10382
32,DOWN,269.67,1.4,10380
32,DOWN,274.58,1.3687,10385
32,DOWN,279.49,1.3375,10390
32,DOWN,283.4,1.3438,10389
32,DOWN,287.68,1.3438,10389
32,DOWN,292.55,1.35,10388
32,DOWN,297.45,1.3687,10385
32,DOWN,302.37,1.325,10392
32,DOWN,307.28,1.375,10384
32,DOWN,311.18,1.35,10388
32,DOWN,315.42,1.3687,10385
32,DOWN,320.38,1.3687,10385
32,DOWN,325.26,1.3875,10382
32,DOWN,330.18,1.3188,10393
32,DOWN,335.07,1.3687,10385
32,DOWN,338.98,1.325,10392
32,DOWN,343.21,1.3062,10395
32,DOWN,348.13,1.3313,10391
32,DOWN,353.01,1.325,10392
32,DOWN,357.9,1.325,10392
32,DOWN,361.8,1.325,10392
32,DOWN,366.04,1.3562,10387
32,DOWN,370.94,1.3562,10387
32,DOWN,375.84,1.3313,10391
32,DOWN,380.75,1.2937,10397
32,DOWN,384.69,1.3625,10386
32,DOWN,388.88,1.3938,10381
32,DOWN,393.8,1.375,10384
32,DOWN,398.68,1.3875,10382
32,DOWN,403.59,1.3875,10382
32,DOWN,407.5,1.35,10388
32,DOWN,411.76,1.3625,10386
32,DOWN,416.69,1.3687,10385
32,DOWN,421.57,1.3625,10386
32,DOWN,426.48,1.3438,10389
32,DOWN,431.39,1.3438,10389
32,DOWN,435.32,1.3313,10391
32,DOWN,439.22,1.3375,10390
